user_id,datetime,weekday,place_name,transport_mode,lon_x,lat_y
041cb7a2-1328-4e20-9ad0-4f3eeaa7e917,2023-05-07T00:00:00+02:00,Sun,Hofweg 3,,7.470422,47.224118
041cb7a2-1328-4e20-9ad0-4f3eeaa7e917,2023-05-07T09:19:41+02:00,Sun,,Car,7.470422,47.224118
041cb7a2-1328-4e20-9ad0-4f3eeaa7e917,2023-05-07T09:19:41+02:00,Sun,,Car,7.470916,47.224554
041cb7a2-1328-4e20-9ad0-4f3eeaa7e917,2023-05-07T09:19:56+02:00,Sun,,Car,7.471465,47.223362
041cb7a2-1328-4e20-9ad0-4f3eeaa7e917,2023-05-07T09:20:12+02:00,Sun,,Car,7.471265,47.221459
041cb7a2-1328-4e20-9ad0-4f3eeaa7e917,2023-05-07T09:20:27+02:00,Sun,,Car,7.472227,47.220332
041cb7a2-1328-4e20-9ad0-4f3eeaa7e917,2023-05-07T09:20:42+02:00,Sun,,Car,7.475450,47.220116
041cb7a2-1328-4e20-9ad0-4f3eeaa7e917,2023-05-07T09:20:57+02:00,Sun,,Car,7.478593,47.219358
041cb7a2-1328-4e20-9ad0-4f3eeaa7e917,2023-05-07T09:21:12+02:00,Sun,,Car,7.483022,47.218780
041cb7a2-1328-4e20-9ad0-4f3eeaa7e917,2023-05-07T09:21:27+02:00,Sun,,Car,7.487083,47.219029
041cb7a2-1328-4e20-9ad0-4f3eeaa7e917,2023-05-07T09:21:43+02:00,Sun,,Car,7.489536,47.218308
041cb7a2-1328-4e20-9ad0-4f3eeaa7e917,2023-05-07T09:21:58+02:00,Sun,,Car,7.492480,47.218267
041cb7a2-1328-4e20-9ad0-4f3eeaa7e917,2023-05-07T09:22:13+02:00,Sun,,Car,7.495468,47.218037
041cb7a2-1328-4e20-9ad0-4f3eeaa7e917,2023-05-07T09:22:28+02:00,Sun,,Car,7.498261,47.217551
041cb7a2-1328-4e20-9ad0-4f3eeaa7e917,2023-05-07T09:22:43+02:00,Sun,,Car,7.501193,47.216816
041cb7a2-1328-4e20-9ad0-4f3eeaa7e917,2023-05-07T09:22:58+02:00,Sun,,Car,7.503434,47.216097
041cb7a2-1328-4e20-9ad0-4f3eeaa7e917,2023-05-07T09:23:14+02:00,Sun,,Car,7.505456,47.215978
041cb7a2-1328-4e20-9ad0-4f3eeaa7e917,2023-05-07T09:23:29+02:00,Sun,,Car,7.508450,47.216068
041cb7a2-1328-4e20-9ad0-4f3eeaa7e917,2023-05-07T09:23:44+02:00,Sun,,Car,7.509672,47.215413
041cb7a2-1328-4e20-9ad0-4f3eeaa7e917,2023-05-07T09:23:59+02:00,Sun,,Car,7.511178,47.213920
041cb7a2-1328-4e20-9ad0-4f3eeaa7e917,2023-05-07T09:24:14+02:00,Sun,,Car,7.513096,47.212605
041cb7a2-1328-4e20-9ad0-4f3eeaa7e917,2023-05-07T09:24:29+02:00,Sun,,Car,7.514640,47.212420
041cb7a2-1328-4e20-9ad0-4f3eeaa7e917,2023-05-07T09:24:45+02:00,Sun,,Car,7.517659,47.212288
041cb7a2-1328-4e20-9ad0-4f3eeaa7e917,2023-05-07T09:25:00+02:00,Sun,,Car,7.520610,47.212200
041cb7a2-1328-4e20-9ad0-4f3eeaa7e917,2023-05-07T09:25:15+02:00,Sun,,Car,7.523482,47.211783
041cb7a2-1328-4e20-9ad0-4f3eeaa7e917,2023-05-07T09:25:30+02:00,Sun,,Car,7.525814,47.211012
041cb7a2-1328-4e20-9ad0-4f3eeaa7e917,2023-05-07T09:25:45+02:00,Sun,,Car,7.525512,47.209990
041cb7a2-1328-4e20-9ad0-4f3eeaa7e917,2023-05-07T09:26:01+02:00,Sun,,Car,7.524971,47.209501
041cb7a2-1328-4e20-9ad0-4f3eeaa7e917,2023-05-07T09:26:16+02:00,Sun,,Car,7.525127,47.207651
041cb7a2-1328-4e20-9ad0-4f3eeaa7e917,2023-05-07T09:26:31+02:00,Sun,,Car,7.525413,47.205619
041cb7a2-1328-4e20-9ad0-4f3eeaa7e917,2023-05-07T09:26:46+02:00,Sun,,Car,7.525943,47.204133
041cb7a2-1328-4e20-9ad0-4f3eeaa7e917,2023-05-07T09:27:01+02:00,Sun,,Car,7.526788,47.202716
041cb7a2-1328-4e20-9ad0-4f3eeaa7e917,2023-05-07T09:27:16+02:00,Sun,,Car,7.528583,47.200747
041cb7a2-1328-4e20-9ad0-4f3eeaa7e917,2023-05-07T09:27:32+02:00,Sun,,Car,7.530428,47.198926
041cb7a2-1328-4e20-9ad0-4f3eeaa7e917,2023-05-07T09:27:47+02:00,Sun,,Car,7.530768,47.198384
041cb7a2-1328-4e20-9ad0-4f3eeaa7e917,2023-05-07T09:28:02+02:00,Sun,,Car,7.531258,47.197362
041cb7a2-1328-4e20-9ad0-4f3eeaa7e917,2023-05-07T09:28:17+02:00,Sun,,Car,7.532448,47.195570
041cb7a2-1328-4e20-9ad0-4f3eeaa7e917,2023-05-07T09:28:32+02:00,Sun,,Car,7.536069,47.194758
041cb7a2-1328-4e20-9ad0-4f3eeaa7e917,2023-05-07T09:28:47+02:00,Sun,,Car,7.540975,47.195078
041cb7a2-1328-4e20-9ad0-4f3eeaa7e917,2023-05-07T09:29:03+02:00,Sun,,Car,7.546540,47.195453
041cb7a2-1328-4e20-9ad0-4f3eeaa7e917,2023-05-07T09:29:18+02:00,Sun,,Car,7.551859,47.195238
041cb7a2-1328-4e20-9ad0-4f3eeaa7e917,2023-05-07T09:29:33+02:00,Sun,,Car,7.556916,47.196175
041cb7a2-1328-4e20-9ad0-4f3eeaa7e917,2023-05-07T09:29:48+02:00,Sun,,Car,7.561532,47.198156
041cb7a2-1328-4e20-9ad0-4f3eeaa7e917,2023-05-07T09:30:03+02:00,Sun,,Car,7.565924,47.200615
041cb7a2-1328-4e20-9ad0-4f3eeaa7e917,2023-05-07T09:30:18+02:00,Sun,,Car,7.570011,47.203126
041cb7a2-1328-4e20-9ad0-4f3eeaa7e917,2023-05-07T09:30:34+02:00,Sun,,Car,7.573982,47.205596
041cb7a2-1328-4e20-9ad0-4f3eeaa7e917,2023-05-07T09:30:49+02:00,Sun,,Car,7.578874,47.207837
041cb7a2-1328-4e20-9ad0-4f3eeaa7e917,2023-05-07T09:31:04+02:00,Sun,,Car,7.584512,47.209301
041cb7a2-1328-4e20-9ad0-4f3eeaa7e917,2023-05-07T09:31:19+02:00,Sun,,Car,7.590238,47.209954
041cb7a2-1328-4e20-9ad0-4f3eeaa7e917,2023-05-07T09:31:34+02:00,Sun,,Car,7.595371,47.210060
041cb7a2-1328-4e20-9ad0-4f3eeaa7e917,2023-05-07T09:31:49+02:00,Sun,,Car,7.599203,47.208836
041cb7a2-1328-4e20-9ad0-4f3eeaa7e917,2023-05-07T09:32:05+02:00,Sun,,Car,7.599991,47.205500
041cb7a2-1328-4e20-9ad0-4f3eeaa7e917,2023-05-07T09:32:20+02:00,Sun,,Car,7.600104,47.200900
041cb7a2-1328-4e20-9ad0-4f3eeaa7e917,2023-05-07T09:32:35+02:00,Sun,,Car,7.600044,47.196239
041cb7a2-1328-4e20-9ad0-4f3eeaa7e917,2023-05-07T09:32:50+02:00,Sun,,Car,7.599085,47.191468
041cb7a2-1328-4e20-9ad0-4f3eeaa7e917,2023-05-07T09:33:05+02:00,Sun,,Car,7.597134,47.186939
041cb7a2-1328-4e20-9ad0-4f3eeaa7e917,2023-05-07T09:33:21+02:00,Sun,,Car,7.594514,47.182519
041cb7a2-1328-4e20-9ad0-4f3eeaa7e917,2023-05-07T09:33:36+02:00,Sun,,Car,7.591904,47.178149
041cb7a2-1328-4e20-9ad0-4f3eeaa7e917,2023-05-07T09:33:51+02:00,Sun,,Car,7.589865,47.173548
041cb7a2-1328-4e20-9ad0-4f3eeaa7e917,2023-05-07T09:34:06+02:00,Sun,,Car,7.588892,47.168860
041cb7a2-1328-4e20-9ad0-4f3eeaa7e917,2023-05-07T09:34:21+02:00,Sun,,Car,7.588947,47.164071
041cb7a2-1328-4e20-9ad0-4f3eeaa7e917,2023-05-07T09:34:36+02:00,Sun,,Car,7.590032,47.159402
041cb7a2-1328-4e20-9ad0-4f3eeaa7e917,2023-05-07T09:34:52+02:00,Sun,,Car,7.591414,47.154762
041cb7a2-1328-4e20-9ad0-4f3eeaa7e917,2023-05-07T09:35:07+02:00,Sun,,Car,7.591773,47.150079
041cb7a2-1328-4e20-9ad0-4f3eeaa7e917,2023-05-07T09:35:22+02:00,Sun,,Car,7.590683,47.145398
041cb7a2-1328-4e20-9ad0-4f3eeaa7e917,2023-05-07T09:35:37+02:00,Sun,,Car,7.588685,47.140869
041cb7a2-1328-4e20-9ad0-4f3eeaa7e917,2023-05-07T09:35:52+02:00,Sun,,Car,7.586515,47.136299
041cb7a2-1328-4e20-9ad0-4f3eeaa7e917,2023-05-07T09:36:07+02:00,Sun,,Car,7.584477,47.131760
041cb7a2-1328-4e20-9ad0-4f3eeaa7e917,2023-05-07T09:36:23+02:00,Sun,,Car,7.582544,47.127109
041cb7a2-1328-4e20-9ad0-4f3eeaa7e917,2023-05-07T09:36:38+02:00,Sun,,Car,7.580813,47.122518
041cb7a2-1328-4e20-9ad0-4f3eeaa7e917,2023-05-07T09:36:53+02:00,Sun,,Car,7.579289,47.117948
041cb7a2-1328-4e20-9ad0-4f3eeaa7e917,2023-05-07T09:37:08+02:00,Sun,,Car,7.577912,47.113238
041cb7a2-1328-4e20-9ad0-4f3eeaa7e917,2023-05-07T09:37:23+02:00,Sun,,Car,7.576713,47.108568
041cb7a2-1328-4e20-9ad0-4f3eeaa7e917,2023-05-07T09:37:38+02:00,Sun,,Car,7.575552,47.103829
041cb7a2-1328-4e20-9ad0-4f3eeaa7e917,2023-05-07T09:37:54+02:00,Sun,,Car,7.574480,47.099209
041cb7a2-1328-4e20-9ad0-4f3eeaa7e917,2023-05-07T09:38:09+02:00,Sun,,Car,7.573386,47.094478
041cb7a2-1328-4e20-9ad0-4f3eeaa7e917,2023-05-07T09:38:24+02:00,Sun,,Car,7.573013,47.090181
041cb7a2-1328-4e20-9ad0-4f3eeaa7e917,2023-05-07T09:38:39+02:00,Sun,,Car,7.573895,47.086181
041cb7a2-1328-4e20-9ad0-4f3eeaa7e917,2023-05-07T09:38:54+02:00,Sun,,Car,7.573360,47.082088
041cb7a2-1328-4e20-9ad0-4f3eeaa7e917,2023-05-07T09:39:09+02:00,Sun,,Car,7.570707,47.077727
041cb7a2-1328-4e20-9ad0-4f3eeaa7e917,2023-05-07T09:39:25+02:00,Sun,,Car,7.567706,47.073438
041cb7a2-1328-4e20-9ad0-4f3eeaa7e917,2023-05-07T09:39:40+02:00,Sun,,Car,7.564709,47.069267
041cb7a2-1328-4e20-9ad0-4f3eeaa7e917,2023-05-07T09:39:55+02:00,Sun,,Car,7.561161,47.065099
041cb7a2-1328-4e20-9ad0-4f3eeaa7e917,2023-05-07T09:40:10+02:00,Sun,,Car,7.556856,47.061432
041cb7a2-1328-4e20-9ad0-4f3eeaa7e917,2023-05-07T09:40:25+02:00,Sun,,Car,7.551232,47.059039
041cb7a2-1328-4e20-9ad0-4f3eeaa7e917,2023-05-07T09:40:40+02:00,Sun,,Car,7.545254,47.056716
041cb7a2-1328-4e20-9ad0-4f3eeaa7e917,2023-05-07T09:40:56+02:00,Sun,,Car,7.539473,47.053845
041cb7a2-1328-4e20-9ad0-4f3eeaa7e917,2023-05-07T09:41:11+02:00,Sun,,Car,7.534689,47.050431
041cb7a2-1328-4e20-9ad0-4f3eeaa7e917,2023-05-07T09:41:26+02:00,Sun,,Car,7.530861,47.046490
041cb7a2-1328-4e20-9ad0-4f3eeaa7e917,2023-05-07T09:41:41+02:00,Sun,,Car,7.528956,47.041919
041cb7a2-1328-4e20-9ad0-4f3eeaa7e917,2023-05-07T09:41:56+02:00,Sun,,Car,7.528627,47.037210
041cb7a2-1328-4e20-9ad0-4f3eeaa7e917,2023-05-07T09:42:12+02:00,Sun,,Car,7.527663,47.032459
041cb7a2-1328-4e20-9ad0-4f3eeaa7e917,2023-05-07T09:42:27+02:00,Sun,,Car,7.524646,47.028532
041cb7a2-1328-4e20-9ad0-4f3eeaa7e917,2023-05-07T09:42:42+02:00,Sun,,Car,7.519426,47.025875
041cb7a2-1328-4e20-9ad0-4f3eeaa7e917,2023-05-07T09:42:57+02:00,Sun,,Car,7.513374,47.023937
041cb7a2-1328-4e20-9ad0-4f3eeaa7e917,2023-05-07T09:43:12+02:00,Sun,,Car,7.507105,47.021847
041cb7a2-1328-4e20-9ad0-4f3eeaa7e917,2023-05-07T09:43:27+02:00,Sun,,Car,7.501722,47.020040
041cb7a2-1328-4e20-9ad0-4f3eeaa7e917,2023-05-07T09:43:43+02:00,Sun,,Car,7.497659,47.017376
041cb7a2-1328-4e20-9ad0-4f3eeaa7e917,2023-05-07T09:43:58+02:00,Sun,,Car,7.496321,47.013760
041cb7a2-1328-4e20-9ad0-4f3eeaa7e917,2023-05-07T09:44:13+02:00,Sun,,Car,7.496728,47.009758
041cb7a2-1328-4e20-9ad0-4f3eeaa7e917,2023-05-07T09:44:28+02:00,Sun,,Car,7.494711,47.006056
041cb7a2-1328-4e20-9ad0-4f3eeaa7e917,2023-05-07T09:44:43+02:00,Sun,,Car,7.491611,47.002589
041cb7a2-1328-4e20-9ad0-4f3eeaa7e917,2023-05-07T09:44:58+02:00,Sun,,Car,7.488520,46.999400
041cb7a2-1328-4e20-9ad0-4f3eeaa7e917,2023-05-07T09:45:13+02:00,Sun,,Car,7.485192,46.996199
041cb7a2-1328-4e20-9ad0-4f3eeaa7e917,2023-05-07T09:45:29+02:00,Sun,,Car,7.482187,46.992692
041cb7a2-1328-4e20-9ad0-4f3eeaa7e917,2023-05-07T09:45:44+02:00,Sun,,Car,7.477754,46.990208
041cb7a2-1328-4e20-9ad0-4f3eeaa7e917,2023-05-07T09:45:59+02:00,Sun,,Car,7.473112,46.988790
041cb7a2-1328-4e20-9ad0-4f3eeaa7e917,2023-05-07T09:46:14+02:00,Sun,,Car,7.469530,46.986950
041cb7a2-1328-4e20-9ad0-4f3eeaa7e917,2023-05-07T09:46:29+02:00,Sun,,Car,7.467608,46.984967
041cb7a2-1328-4e20-9ad0-4f3eeaa7e917,2023-05-07T09:46:44+02:00,Sun,,Car,7.466645,46.982609
041cb7a2-1328-4e20-9ad0-4f3eeaa7e917,2023-05-07T09:46:59+02:00,Sun,,Car,7.466933,46.979812
041cb7a2-1328-4e20-9ad0-4f3eeaa7e917,2023-05-07T09:47:15+02:00,Sun,,Car,7.468182,46.977293
041cb7a2-1328-4e20-9ad0-4f3eeaa7e917,2023-05-07T09:47:30+02:00,Sun,,Car,7.469507,46.975226
041cb7a2-1328-4e20-9ad0-4f3eeaa7e917,2023-05-07T09:47:45+02:00,Sun,,Car,7.470725,46.972821
041cb7a2-1328-4e20-9ad0-4f3eeaa7e917,2023-05-07T09:48:00+02:00,Sun,,Car,7.470290,46.970257
041cb7a2-1328-4e20-9ad0-4f3eeaa7e917,2023-05-07T09:48:15+02:00,Sun,,Car,7.469461,46.967515
041cb7a2-1328-4e20-9ad0-4f3eeaa7e917,2023-05-07T09:48:30+02:00,Sun,,Car,7.472394,46.965321
041cb7a2-1328-4e20-9ad0-4f3eeaa7e917,2023-05-07T09:48:45+02:00,Sun,,Car,7.474726,46.963665
041cb7a2-1328-4e20-9ad0-4f3eeaa7e917,2023-05-07T09:49:01+02:00,Sun,,Car,7.474447,46.961291
041cb7a2-1328-4e20-9ad0-4f3eeaa7e917,2023-05-07T09:49:16+02:00,Sun,,Car,7.472063,46.959714
041cb7a2-1328-4e20-9ad0-4f3eeaa7e917,2023-05-07T09:49:31+02:00,Sun,,Car,7.469616,46.958183
041cb7a2-1328-4e20-9ad0-4f3eeaa7e917,2023-05-07T09:49:46+02:00,Sun,,Car,7.468337,46.956170
041cb7a2-1328-4e20-9ad0-4f3eeaa7e917,2023-05-07T09:50:01+02:00,Sun,,Car,7.469638,46.953917
041cb7a2-1328-4e20-9ad0-4f3eeaa7e917,2023-05-07T09:50:17+02:00,Sun,,Car,7.471274,46.951996
041cb7a2-1328-4e20-9ad0-4f3eeaa7e917,2023-05-07T09:50:32+02:00,Sun,,Car,7.472752,46.950066
041cb7a2-1328-4e20-9ad0-4f3eeaa7e917,2023-05-07T09:50:47+02:00,Sun,,Car,7.472989,46.947869
041cb7a2-1328-4e20-9ad0-4f3eeaa7e917,2023-05-07T09:51:02+02:00,Sun,,Car,7.472173,46.945769
041cb7a2-1328-4e20-9ad0-4f3eeaa7e917,2023-05-07T09:51:17+02:00,Sun,,Car,7.472789,46.943724
041cb7a2-1328-4e20-9ad0-4f3eeaa7e917,2023-05-07T09:51:32+02:00,Sun,,Car,7.473998,46.941676
041cb7a2-1328-4e20-9ad0-4f3eeaa7e917,2023-05-07T09:51:48+02:00,Sun,,Car,7.475814,46.939778
041cb7a2-1328-4e20-9ad0-4f3eeaa7e917,2023-05-07T09:52:03+02:00,Sun,,Car,7.478335,46.938247
041cb7a2-1328-4e20-9ad0-4f3eeaa7e917,2023-05-07T09:52:18+02:00,Sun,,Car,7.481621,46.937425
041cb7a2-1328-4e20-9ad0-4f3eeaa7e917,2023-05-07T09:52:33+02:00,Sun,,Car,7.485612,46.937040
041cb7a2-1328-4e20-9ad0-4f3eeaa7e917,2023-05-07T09:52:48+02:00,Sun,,Car,7.489703,46.936664
041cb7a2-1328-4e20-9ad0-4f3eeaa7e917,2023-05-07T09:53:03+02:00,Sun,,Car,7.493496,46.935929
041cb7a2-1328-4e20-9ad0-4f3eeaa7e917,2023-05-07T09:53:19+02:00,Sun,,Car,7.496722,46.934500
041cb7a2-1328-4e20-9ad0-4f3eeaa7e917,2023-05-07T09:53:34+02:00,Sun,,Car,7.499249,46.932426
041cb7a2-1328-4e20-9ad0-4f3eeaa7e917,2023-05-07T09:53:49+02:00,Sun,,Car,7.500340,46.929823
041cb7a2-1328-4e20-9ad0-4f3eeaa7e917,2023-05-07T09:54:04+02:00,Sun,,Car,7.501291,46.927293
041cb7a2-1328-4e20-9ad0-4f3eeaa7e917,2023-05-07T09:54:19+02:00,Sun,,Car,7.503393,46.924606
041cb7a2-1328-4e20-9ad0-4f3eeaa7e917,2023-05-07T09:54:34+02:00,Sun,,Car,7.506336,46.921537
041cb7a2-1328-4e20-9ad0-4f3eeaa7e917,2023-05-07T09:54:49+02:00,Sun,,Car,7.509666,46.917977
041cb7a2-1328-4e20-9ad0-4f3eeaa7e917,2023-05-07T09:55:05+02:00,Sun,,Car,7.513250,46.913924
041cb7a2-1328-4e20-9ad0-4f3eeaa7e917,2023-05-07T09:55:20+02:00,Sun,,Car,7.517796,46.910341
041cb7a2-1328-4e20-9ad0-4f3eeaa7e917,2023-05-07T09:55:35+02:00,Sun,,Car,7.521802,46.906506
041cb7a2-1328-4e20-9ad0-4f3eeaa7e917,2023-05-07T09:55:50+02:00,Sun,,Car,7.527231,46.903902
041cb7a2-1328-4e20-9ad0-4f3eeaa7e917,2023-05-07T09:56:05+02:00,Sun,,Car,7.531816,46.901036
041cb7a2-1328-4e20-9ad0-4f3eeaa7e917,2023-05-07T09:56:20+02:00,Sun,,Car,7.533588,46.896743
041cb7a2-1328-4e20-9ad0-4f3eeaa7e917,2023-05-07T09:56:35+02:00,Sun,,Car,7.536588,46.892944
041cb7a2-1328-4e20-9ad0-4f3eeaa7e917,2023-05-07T09:56:50+02:00,Sun,,Car,7.540173,46.888933
041cb7a2-1328-4e20-9ad0-4f3eeaa7e917,2023-05-07T09:57:05+02:00,Sun,,Car,7.541141,46.884320
041cb7a2-1328-4e20-9ad0-4f3eeaa7e917,2023-05-07T09:57:21+02:00,Sun,,Car,7.541545,46.879801
041cb7a2-1328-4e20-9ad0-4f3eeaa7e917,2023-05-07T09:57:36+02:00,Sun,,Car,7.542973,46.875683
041cb7a2-1328-4e20-9ad0-4f3eeaa7e917,2023-05-07T09:57:51+02:00,Sun,,Car,7.545570,46.871507
041cb7a2-1328-4e20-9ad0-4f3eeaa7e917,2023-05-07T09:58:06+02:00,Sun,,Car,7.548499,46.867276
041cb7a2-1328-4e20-9ad0-4f3eeaa7e917,2023-05-07T09:58:21+02:00,Sun,,Car,7.551274,46.863275
041cb7a2-1328-4e20-9ad0-4f3eeaa7e917,2023-05-07T09:58:36+02:00,Sun,,Car,7.554040,46.859277
041cb7a2-1328-4e20-9ad0-4f3eeaa7e917,2023-05-07T09:58:51+02:00,Sun,,Car,7.556645,46.855154
041cb7a2-1328-4e20-9ad0-4f3eeaa7e917,2023-05-07T09:59:07+02:00,Sun,,Car,7.558419,46.850813
041cb7a2-1328-4e20-9ad0-4f3eeaa7e917,2023-05-07T09:59:22+02:00,Sun,,Car,7.559275,46.846191
041cb7a2-1328-4e20-9ad0-4f3eeaa7e917,2023-05-07T09:59:37+02:00,Sun,,Car,7.559548,46.841571
041cb7a2-1328-4e20-9ad0-4f3eeaa7e917,2023-05-07T09:59:52+02:00,Sun,,Car,7.560793,46.837113
041cb7a2-1328-4e20-9ad0-4f3eeaa7e917,2023-05-07T10:00:07+02:00,Sun,,Car,7.563016,46.832795
041cb7a2-1328-4e20-9ad0-4f3eeaa7e917,2023-05-07T10:00:22+02:00,Sun,,Car,7.566095,46.828636
041cb7a2-1328-4e20-9ad0-4f3eeaa7e917,2023-05-07T10:00:37+02:00,Sun,,Car,7.569895,46.824636
041cb7a2-1328-4e20-9ad0-4f3eeaa7e917,2023-05-07T10:00:53+02:00,Sun,,Car,7.572861,46.820252
041cb7a2-1328-4e20-9ad0-4f3eeaa7e917,2023-05-07T10:01:08+02:00,Sun,,Car,7.574200,46.815582
041cb7a2-1328-4e20-9ad0-4f3eeaa7e917,2023-05-07T10:01:23+02:00,Sun,,Car,7.577899,46.811579
041cb7a2-1328-4e20-9ad0-4f3eeaa7e917,2023-05-07T10:01:38+02:00,Sun,,Car,7.580318,46.807308
041cb7a2-1328-4e20-9ad0-4f3eeaa7e917,2023-05-07T10:01:53+02:00,Sun,,Car,7.580570,46.802526
041cb7a2-1328-4e20-9ad0-4f3eeaa7e917,2023-05-07T10:02:08+02:00,Sun,,Car,7.583083,46.798077
041cb7a2-1328-4e20-9ad0-4f3eeaa7e917,2023-05-07T10:02:24+02:00,Sun,,Car,7.588432,46.795224
041cb7a2-1328-4e20-9ad0-4f3eeaa7e917,2023-05-07T10:02:39+02:00,Sun,,Car,7.593957,46.792244
041cb7a2-1328-4e20-9ad0-4f3eeaa7e917,2023-05-07T10:02:54+02:00,Sun,,Car,7.598458,46.788567
041cb7a2-1328-4e20-9ad0-4f3eeaa7e917,2023-05-07T10:03:09+02:00,Sun,,Car,7.601666,46.784435
041cb7a2-1328-4e20-9ad0-4f3eeaa7e917,2023-05-07T10:03:24+02:00,Sun,,Car,7.602817,46.779688
041cb7a2-1328-4e20-9ad0-4f3eeaa7e917,2023-05-07T10:03:39+02:00,Sun,,Car,7.601009,46.775057
041cb7a2-1328-4e20-9ad0-4f3eeaa7e917,2023-05-07T10:03:54+02:00,Sun,,Car,7.597814,46.770908
041cb7a2-1328-4e20-9ad0-4f3eeaa7e917,2023-05-07T10:04:10+02:00,Sun,,Car,7.594592,46.766649
041cb7a2-1328-4e20-9ad0-4f3eeaa7e917,2023-05-07T10:04:25+02:00,Sun,,Car,7.593712,46.762711
041cb7a2-1328-4e20-9ad0-4f3eeaa7e917,2023-05-07T10:04:40+02:00,Sun,,Car,7.595821,46.759365
041cb7a2-1328-4e20-9ad0-4f3eeaa7e917,2023-05-07T10:04:55+02:00,Sun,,Car,7.598319,46.756577
041cb7a2-1328-4e20-9ad0-4f3eeaa7e917,2023-05-07T10:05:10+02:00,Sun,,Car,7.600082,46.753963
041cb7a2-1328-4e20-9ad0-4f3eeaa7e917,2023-05-07T10:05:25+02:00,Sun,,Car,7.601500,46.750962
041cb7a2-1328-4e20-9ad0-4f3eeaa7e917,2023-05-07T10:05:41+02:00,Sun,,Car,7.602588,46.747151
041cb7a2-1328-4e20-9ad0-4f3eeaa7e917,2023-05-07T10:05:56+02:00,Sun,,Car,7.602637,46.742588
041cb7a2-1328-4e20-9ad0-4f3eeaa7e917,2023-05-07T10:06:11+02:00,Sun,,Car,7.600847,46.737989
041cb7a2-1328-4e20-9ad0-4f3eeaa7e917,2023-05-07T10:06:26+02:00,Sun,,Car,7.601112,46.733303
041cb7a2-1328-4e20-9ad0-4f3eeaa7e917,2023-05-07T10:06:42+02:00,Sun,,Car,7.603787,46.728956
041cb7a2-1328-4e20-9ad0-4f3eeaa7e917,2023-05-07T10:06:57+02:00,Sun,,Car,7.606867,46.724955
041cb7a2-1328-4e20-9ad0-4f3eeaa7e917,2023-05-07T10:07:12+02:00,Sun,,Car,7.609466,46.720725
041cb7a2-1328-4e20-9ad0-4f3eeaa7e917,2023-05-07T10:07:27+02:00,Sun,,Car,7.613265,46.716919
041cb7a2-1328-4e20-9ad0-4f3eeaa7e917,2023-05-07T10:07:42+02:00,Sun,,Car,7.618696,46.714008
041cb7a2-1328-4e20-9ad0-4f3eeaa7e917,2023-05-07T10:07:58+02:00,Sun,,Car,7.624894,46.712412
041cb7a2-1328-4e20-9ad0-4f3eeaa7e917,2023-05-07T10:08:13+02:00,Sun,,Car,7.630714,46.710613
041cb7a2-1328-4e20-9ad0-4f3eeaa7e917,2023-05-07T10:08:28+02:00,Sun,,Car,7.634404,46.706953
041cb7a2-1328-4e20-9ad0-4f3eeaa7e917,2023-05-07T10:08:43+02:00,Sun,,Car,7.636480,46.702662
041cb7a2-1328-4e20-9ad0-4f3eeaa7e917,2023-05-07T10:08:58+02:00,Sun,,Car,7.638949,46.698504
041cb7a2-1328-4e20-9ad0-4f3eeaa7e917,2023-05-07T10:09:13+02:00,Sun,,Car,7.643680,46.695472
041cb7a2-1328-4e20-9ad0-4f3eeaa7e917,2023-05-07T10:09:29+02:00,Sun,,Car,7.648775,46.694252
041cb7a2-1328-4e20-9ad0-4f3eeaa7e917,2023-05-07T10:09:44+02:00,Sun,,Car,7.650105,46.691909
041cb7a2-1328-4e20-9ad0-4f3eeaa7e917,2023-05-07T10:09:59+02:00,Sun,,Car,7.646857,46.689073
041cb7a2-1328-4e20-9ad0-4f3eeaa7e917,2023-05-07T10:10:14+02:00,Sun,,Car,7.644398,46.685948
041cb7a2-1328-4e20-9ad0-4f3eeaa7e917,2023-05-07T10:10:29+02:00,Sun,,Car,7.641462,46.682779
041cb7a2-1328-4e20-9ad0-4f3eeaa7e917,2023-05-07T10:10:44+02:00,Sun,,Car,7.639126,46.678938
041cb7a2-1328-4e20-9ad0-4f3eeaa7e917,2023-05-07T10:10:59+02:00,Sun,,Car,7.635906,46.676465
041cb7a2-1328-4e20-9ad0-4f3eeaa7e917,2023-05-07T10:11:15+02:00,Sun,,Car,7.631987,46.675315
041cb7a2-1328-4e20-9ad0-4f3eeaa7e917,2023-05-07T10:11:30+02:00,Sun,,Car,7.627444,46.675247
041cb7a2-1328-4e20-9ad0-4f3eeaa7e917,2023-05-07T10:11:45+02:00,Sun,,Car,7.622965,46.674664
041cb7a2-1328-4e20-9ad0-4f3eeaa7e917,2023-05-07T10:12:00+02:00,Sun,,Car,7.620493,46.671929
041cb7a2-1328-4e20-9ad0-4f3eeaa7e917,2023-05-07T10:12:15+02:00,Sun,,Car,7.616694,46.670314
041cb7a2-1328-4e20-9ad0-4f3eeaa7e917,2023-05-07T10:12:31+02:00,Sun,,Car,7.612500,46.670270
041cb7a2-1328-4e20-9ad0-4f3eeaa7e917,2023-05-07T10:12:46+02:00,Sun,,Car,7.608364,46.670320
041cb7a2-1328-4e20-9ad0-4f3eeaa7e917,2023-05-07T10:13:01+02:00,Sun,,Car,7.605857,46.669466
041cb7a2-1328-4e20-9ad0-4f3eeaa7e917,2023-05-07T10:13:16+02:00,Sun,,Car,7.603934,46.669025
041cb7a2-1328-4e20-9ad0-4f3eeaa7e917,2023-05-07T10:13:31+02:00,Sun,,Car,7.599933,46.668205
041cb7a2-1328-4e20-9ad0-4f3eeaa7e917,2023-05-07T10:13:46+02:00,Sun,,Car,7.597123,46.667627
041cb7a2-1328-4e20-9ad0-4f3eeaa7e917,2023-05-07T10:14:01+02:00,Sun,,Car,7.594016,46.667518
041cb7a2-1328-4e20-9ad0-4f3eeaa7e917,2023-05-07T10:14:16+02:00,Sun,,Car,7.591062,46.666632
041cb7a2-1328-4e20-9ad0-4f3eeaa7e917,2023-05-07T10:14:32+02:00,Sun,,Car,7.588186,46.665776
041cb7a2-1328-4e20-9ad0-4f3eeaa7e917,2023-05-07T10:14:47+02:00,Sun,,Car,7.585652,46.665012
041cb7a2-1328-4e20-9ad0-4f3eeaa7e917,2023-05-07T10:15:02+02:00,Sun,,Car,7.583365,46.663944
041cb7a2-1328-4e20-9ad0-4f3eeaa7e917,2023-05-07T10:15:17+02:00,Sun,,Car,7.580686,46.662968
041cb7a2-1328-4e20-9ad0-4f3eeaa7e917,2023-05-07T10:15:32+02:00,Sun,,Car,7.578239,46.662101
041cb7a2-1328-4e20-9ad0-4f3eeaa7e917,2023-05-07T10:15:48+02:00,Sun,,Car,7.577589,46.660385
041cb7a2-1328-4e20-9ad0-4f3eeaa7e917,2023-05-07T10:16:03+02:00,Sun,,Car,7.576680,46.658747
041cb7a2-1328-4e20-9ad0-4f3eeaa7e917,2023-05-07T10:16:18+02:00,Sun,,Car,7.576380,46.656999
041cb7a2-1328-4e20-9ad0-4f3eeaa7e917,2023-05-07T10:16:33+02:00,Sun,,Car,7.576261,46.655889
041cb7a2-1328-4e20-9ad0-4f3eeaa7e917,2023-05-07T10:16:48+02:00,Sun,,Car,7.576037,46.653789
041cb7a2-1328-4e20-9ad0-4f3eeaa7e917,2023-05-07T10:17:03+02:00,Sun,,Car,7.574947,46.651727
041cb7a2-1328-4e20-9ad0-4f3eeaa7e917,2023-05-07T10:17:19+02:00,Sun,,Car,7.574488,46.649250
041cb7a2-1328-4e20-9ad0-4f3eeaa7e917,2023-05-07T10:17:34+02:00,Sun,,Car,7.572624,46.646844
041cb7a2-1328-4e20-9ad0-4f3eeaa7e917,2023-05-07T10:17:49+02:00,Sun,,Car,7.569416,46.645266
041cb7a2-1328-4e20-9ad0-4f3eeaa7e917,2023-05-07T10:18:04+02:00,Sun,,Car,7.568448,46.643790
041cb7a2-1328-4e20-9ad0-4f3eeaa7e917,2023-05-07T10:18:19+02:00,Sun,,Car,7.569128,46.641502
041cb7a2-1328-4e20-9ad0-4f3eeaa7e917,2023-05-07T10:18:34+02:00,Sun,,Car,7.567203,46.639393
041cb7a2-1328-4e20-9ad0-4f3eeaa7e917,2023-05-07T10:18:50+02:00,Sun,,Car,7.565323,46.637035
041cb7a2-1328-4e20-9ad0-4f3eeaa7e917,2023-05-07T10:19:05+02:00,Sun,,Car,7.564281,46.634556
041cb7a2-1328-4e20-9ad0-4f3eeaa7e917,2023-05-07T10:19:20+02:00,Sun,,Car,7.562507,46.632739
041cb7a2-1328-4e20-9ad0-4f3eeaa7e917,2023-05-07T10:19:35+02:00,Sun,,Car,7.560257,46.631633
041cb7a2-1328-4e20-9ad0-4f3eeaa7e917,2023-05-07T10:19:50+02:00,Sun,,Car,7.558140,46.630419
041cb7a2-1328-4e20-9ad0-4f3eeaa7e917,2023-05-07T10:20:05+02:00,Sun,,Car,7.555545,46.629868
041cb7a2-1328-4e20-9ad0-4f3eeaa7e917,2023-05-07T10:20:21+02:00,Sun,,Car,7.554068,46.628738
041cb7a2-1328-4e20-9ad0-4f3eeaa7e917,2023-05-07T10:20:36+02:00,Sun,,Car,7.551854,46.627674
041cb7a2-1328-4e20-9ad0-4f3eeaa7e917,2023-05-07T10:20:51+02:00,Sun,,Car,7.550569,46.625821
041cb7a2-1328-4e20-9ad0-4f3eeaa7e917,2023-05-07T10:21:06+02:00,Sun,,Car,7.548940,46.624176
041cb7a2-1328-4e20-9ad0-4f3eeaa7e917,2023-05-07T10:21:21+02:00,Sun,,Car,7.547282,46.622586
041cb7a2-1328-4e20-9ad0-4f3eeaa7e917,2023-05-07T10:21:36+02:00,Sun,,Car,7.544772,46.621298
041cb7a2-1328-4e20-9ad0-4f3eeaa7e917,2023-05-07T10:21:52+02:00,Sun,,Car,7.542043,46.619822
041cb7a2-1328-4e20-9ad0-4f3eeaa7e917,2023-05-07T10:22:07+02:00,Sun,,Car,7.541050,46.617850
041cb7a2-1328-4e20-9ad0-4f3eeaa7e917,2023-05-07T10:22:22+02:00,Sun,,Car,7.538912,46.616016
041cb7a2-1328-4e20-9ad0-4f3eeaa7e917,2023-05-07T10:22:37+02:00,Sun,,Car,7.536760,46.614430
041cb7a2-1328-4e20-9ad0-4f3eeaa7e917,2023-05-07T10:22:52+02:00,Sun,,Car,7.534830,46.613379
041cb7a2-1328-4e20-9ad0-4f3eeaa7e917,2023-05-07T10:23:07+02:00,Sun,,Car,7.533729,46.612630
041cb7a2-1328-4e20-9ad0-4f3eeaa7e917,2023-05-07T10:23:23+02:00,Sun,,Car,7.533595,46.612396
041cb7a2-1328-4e20-9ad0-4f3eeaa7e917,2023-05-07T10:23:38+02:00,Sun,,Car,7.533028,46.612283
041cb7a2-1328-4e20-9ad0-4f3eeaa7e917,2023-05-07T10:23:53+02:00,Sun,,Car,7.532470,46.612284
041cb7a2-1328-4e20-9ad0-4f3eeaa7e917,2023-05-07T10:24:08+02:00,Sun,,Car,7.531688,46.612080
041cb7a2-1328-4e20-9ad0-4f3eeaa7e917,2023-05-07T10:24:27+02:00,Sun,,Car,7.532214,46.612291
041cb7a2-1328-4e20-9ad0-4f3eeaa7e917,2023-05-07T10:24:27+02:00,Sun,,Car,7.532324,46.612263
041cb7a2-1328-4e20-9ad0-4f3eeaa7e917,2023-05-07T10:24:27+02:00,Sun,Parkplatz Wirihornbahnen,,7.532324,46.612263
041cb7a2-1328-4e20-9ad0-4f3eeaa7e917,2023-05-07T10:34:02+02:00,Sun,,Car,7.532324,46.612263
041cb7a2-1328-4e20-9ad0-4f3eeaa7e917,2023-05-07T10:34:02+02:00,Sun,,Car,7.533099,46.612180
041cb7a2-1328-4e20-9ad0-4f3eeaa7e917,2023-05-07T10:34:18+02:00,Sun,,Car,7.532678,46.612103
041cb7a2-1328-4e20-9ad0-4f3eeaa7e917,2023-05-07T10:34:34+02:00,Sun,,Car,7.532203,46.612193
041cb7a2-1328-4e20-9ad0-4f3eeaa7e917,2023-05-07T10:34:50+02:00,Sun,,Car,7.531979,46.612217
041cb7a2-1328-4e20-9ad0-4f3eeaa7e917,2023-05-07T10:35:05+02:00,Sun,,Car,7.531835,46.612204
041cb7a2-1328-4e20-9ad0-4f3eeaa7e917,2023-05-07T10:35:21+02:00,Sun,,Car,7.531823,46.612225
041cb7a2-1328-4e20-9ad0-4f3eeaa7e917,2023-05-07T10:35:37+02:00,Sun,,Car,7.531800,46.612231
041cb7a2-1328-4e20-9ad0-4f3eeaa7e917,2023-05-07T10:35:53+02:00,Sun,,Car,7.531814,46.612224
041cb7a2-1328-4e20-9ad0-4f3eeaa7e917,2023-05-07T10:36:09+02:00,Sun,,Car,7.531810,46.612248
041cb7a2-1328-4e20-9ad0-4f3eeaa7e917,2023-05-07T10:36:24+02:00,Sun,,Car,7.531811,46.612282
041cb7a2-1328-4e20-9ad0-4f3eeaa7e917,2023-05-07T10:36:40+02:00,Sun,,Car,7.531798,46.612255
041cb7a2-1328-4e20-9ad0-4f3eeaa7e917,2023-05-07T10:36:56+02:00,Sun,,Car,7.531846,46.612226
041cb7a2-1328-4e20-9ad0-4f3eeaa7e917,2023-05-07T10:37:12+02:00,Sun,,Car,7.532097,46.612209
041cb7a2-1328-4e20-9ad0-4f3eeaa7e917,2023-05-07T10:37:28+02:00,Sun,,Car,7.531946,46.612194
041cb7a2-1328-4e20-9ad0-4f3eeaa7e917,2023-05-07T10:37:44+02:00,Sun,,Car,7.531894,46.612164
041cb7a2-1328-4e20-9ad0-4f3eeaa7e917,2023-05-07T10:38:00+02:00,Sun,,Car,7.531895,46.612163
041cb7a2-1328-4e20-9ad0-4f3eeaa7e917,2023-05-07T10:38:16+02:00,Sun,,Car,7.531848,46.612173
041cb7a2-1328-4e20-9ad0-4f3eeaa7e917,2023-05-07T10:38:32+02:00,Sun,,Car,7.531758,46.612163
041cb7a2-1328-4e20-9ad0-4f3eeaa7e917,2023-05-07T10:38:47+02:00,Sun,,Car,7.531707,46.612104
041cb7a2-1328-4e20-9ad0-4f3eeaa7e917,2023-05-07T10:39:03+02:00,Sun,,Car,7.531816,46.611859
041cb7a2-1328-4e20-9ad0-4f3eeaa7e917,2023-05-07T10:39:18+02:00,Sun,,Car,7.531917,46.611558
041cb7a2-1328-4e20-9ad0-4f3eeaa7e917,2023-05-07T10:39:34+02:00,Sun,,Car,7.532024,46.611206
041cb7a2-1328-4e20-9ad0-4f3eeaa7e917,2023-05-07T10:39:50+02:00,Sun,,Car,7.532142,46.610872
041cb7a2-1328-4e20-9ad0-4f3eeaa7e917,2023-05-07T10:40:06+02:00,Sun,,Car,7.532240,46.610533
041cb7a2-1328-4e20-9ad0-4f3eeaa7e917,2023-05-07T10:40:22+02:00,Sun,,Car,7.532341,46.610188
041cb7a2-1328-4e20-9ad0-4f3eeaa7e917,2023-05-07T10:40:38+02:00,Sun,,Car,7.532442,46.609837
041cb7a2-1328-4e20-9ad0-4f3eeaa7e917,2023-05-07T10:40:54+02:00,Sun,,Car,7.532564,46.609496
041cb7a2-1328-4e20-9ad0-4f3eeaa7e917,2023-05-07T10:41:09+02:00,Sun,,Car,7.532652,46.609163
041cb7a2-1328-4e20-9ad0-4f3eeaa7e917,2023-05-07T10:41:25+02:00,Sun,,Car,7.532707,46.608980
041cb7a2-1328-4e20-9ad0-4f3eeaa7e917,2023-05-07T10:41:40+02:00,Sun,,Car,7.532866,46.608503
041cb7a2-1328-4e20-9ad0-4f3eeaa7e917,2023-05-07T10:41:55+02:00,Sun,,Car,7.532958,46.608178
041cb7a2-1328-4e20-9ad0-4f3eeaa7e917,2023-05-07T10:42:11+02:00,Sun,,Car,7.533066,46.607840
041cb7a2-1328-4e20-9ad0-4f3eeaa7e917,2023-05-07T10:42:26+02:00,Sun,,Car,7.533160,46.607531
041cb7a2-1328-4e20-9ad0-4f3eeaa7e917,2023-05-07T10:42:42+02:00,Sun,,Car,7.533255,46.607191
041cb7a2-1328-4e20-9ad0-4f3eeaa7e917,2023-05-07T10:42:57+02:00,Sun,,Car,7.533359,46.606875
041cb7a2-1328-4e20-9ad0-4f3eeaa7e917,2023-05-07T10:43:13+02:00,Sun,,Car,7.533465,46.606529
041cb7a2-1328-4e20-9ad0-4f3eeaa7e917,2023-05-07T10:43:29+02:00,Sun,,Car,7.533578,46.606199
041cb7a2-1328-4e20-9ad0-4f3eeaa7e917,2023-05-07T10:43:45+02:00,Sun,,Car,7.533600,46.606129
041cb7a2-1328-4e20-9ad0-4f3eeaa7e917,2023-05-07T10:44:01+02:00,Sun,,Car,7.533762,46.605526
041cb7a2-1328-4e20-9ad0-4f3eeaa7e917,2023-05-07T10:44:17+02:00,Sun,,Car,7.533859,46.605214
041cb7a2-1328-4e20-9ad0-4f3eeaa7e917,2023-05-07T10:44:33+02:00,Sun,,Car,7.533971,46.604897
041cb7a2-1328-4e20-9ad0-4f3eeaa7e917,2023-05-07T10:44:48+02:00,Sun,,Car,7.534067,46.604575
041cb7a2-1328-4e20-9ad0-4f3eeaa7e917,2023-05-07T10:45:04+02:00,Sun,,Car,7.534165,46.604245
041cb7a2-1328-4e20-9ad0-4f3eeaa7e917,2023-05-07T10:45:20+02:00,Sun,,Car,7.534272,46.603910
041cb7a2-1328-4e20-9ad0-4f3eeaa7e917,2023-05-07T10:45:36+02:00,Sun,,Car,7.534374,46.603567
041cb7a2-1328-4e20-9ad0-4f3eeaa7e917,2023-05-07T10:45:52+02:00,Sun,,Car,7.534473,46.603231
041cb7a2-1328-4e20-9ad0-4f3eeaa7e917,2023-05-07T10:46:08+02:00,Sun,,Car,7.534586,46.602908
041cb7a2-1328-4e20-9ad0-4f3eeaa7e917,2023-05-07T10:46:23+02:00,Sun,,Car,7.534686,46.602598
041cb7a2-1328-4e20-9ad0-4f3eeaa7e917,2023-05-07T10:46:39+02:00,Sun,,Car,7.534798,46.602266
041cb7a2-1328-4e20-9ad0-4f3eeaa7e917,2023-05-07T10:46:54+02:00,Sun,,Car,7.534884,46.601960
041cb7a2-1328-4e20-9ad0-4f3eeaa7e917,2023-05-07T10:47:10+02:00,Sun,,Car,7.534992,46.601646
041cb7a2-1328-4e20-9ad0-4f3eeaa7e917,2023-05-07T10:47:26+02:00,Sun,,Car,7.535077,46.601323
041cb7a2-1328-4e20-9ad0-4f3eeaa7e917,2023-05-07T10:47:41+02:00,Sun,,Car,7.535175,46.601006
041cb7a2-1328-4e20-9ad0-4f3eeaa7e917,2023-05-07T10:47:57+02:00,Sun,,Car,7.535281,46.600668
041cb7a2-1328-4e20-9ad0-4f3eeaa7e917,2023-05-07T10:48:13+02:00,Sun,,Car,7.535391,46.600325
041cb7a2-1328-4e20-9ad0-4f3eeaa7e917,2023-05-07T10:48:28+02:00,Sun,,Car,7.535390,46.600121
041cb7a2-1328-4e20-9ad0-4f3eeaa7e917,2023-05-07T10:48:43+02:00,Sun,,Car,7.535503,46.600046
041cb7a2-1328-4e20-9ad0-4f3eeaa7e917,2023-05-07T10:48:59+02:00,Sun,,Car,7.536088,46.600110
041cb7a2-1328-4e20-9ad0-4f3eeaa7e917,2023-05-07T10:49:15+02:00,Sun,,Car,7.536489,46.600103
041cb7a2-1328-4e20-9ad0-4f3eeaa7e917,2023-05-07T10:49:31+02:00,Sun,,Car,7.536510,46.600102
041cb7a2-1328-4e20-9ad0-4f3eeaa7e917,2023-05-07T10:49:47+02:00,Sun,,Car,7.536740,46.600164
041cb7a2-1328-4e20-9ad0-4f3eeaa7e917,2023-05-07T10:50:03+02:00,Sun,,Car,7.538019,46.600683
041cb7a2-1328-4e20-9ad0-4f3eeaa7e917,2023-05-07T10:50:18+02:00,Sun,,Car,7.538734,46.601285
041cb7a2-1328-4e20-9ad0-4f3eeaa7e917,2023-05-07T10:50:34+02:00,Sun,,Car,7.539480,46.601924
041cb7a2-1328-4e20-9ad0-4f3eeaa7e917,2023-05-07T10:50:49+02:00,Sun,,Car,7.539478,46.601923
041cb7a2-1328-4e20-9ad0-4f3eeaa7e917,2023-05-07T10:51:05+02:00,Sun,,Car,7.539359,46.602004
041cb7a2-1328-4e20-9ad0-4f3eeaa7e917,2023-05-07T10:51:21+02:00,Sun,,Car,7.538482,46.602563
041cb7a2-1328-4e20-9ad0-4f3eeaa7e917,2023-05-07T10:51:37+02:00,Sun,,Car,7.537974,46.602788
041cb7a2-1328-4e20-9ad0-4f3eeaa7e917,2023-05-07T10:51:52+02:00,Sun,,Car,7.537612,46.603116
041cb7a2-1328-4e20-9ad0-4f3eeaa7e917,2023-05-07T10:52:08+02:00,Sun,,Car,7.537661,46.603601
041cb7a2-1328-4e20-9ad0-4f3eeaa7e917,2023-05-07T10:52:24+02:00,Sun,,Car,7.536934,46.603716
041cb7a2-1328-4e20-9ad0-4f3eeaa7e917,2023-05-07T10:52:40+02:00,Sun,,Car,7.537052,46.604198
041cb7a2-1328-4e20-9ad0-4f3eeaa7e917,2023-05-07T10:52:56+02:00,Sun,,Car,7.537079,46.604196
041cb7a2-1328-4e20-9ad0-4f3eeaa7e917,2023-05-07T10:53:11+02:00,Sun,,Car,7.537085,46.604198
041cb7a2-1328-4e20-9ad0-4f3eeaa7e917,2023-05-07T10:53:27+02:00,Sun,,Car,7.536578,46.604548
041cb7a2-1328-4e20-9ad0-4f3eeaa7e917,2023-05-07T10:53:43+02:00,Sun,,Car,7.536246,46.604884
041cb7a2-1328-4e20-9ad0-4f3eeaa7e917,2023-05-07T10:53:59+02:00,Sun,,Car,7.535018,46.604680
041cb7a2-1328-4e20-9ad0-4f3eeaa7e917,2023-05-07T10:54:14+02:00,Sun,,Car,7.534324,46.605010
041cb7a2-1328-4e20-9ad0-4f3eeaa7e917,2023-05-07T10:54:29+02:00,Sun,,Car,7.533986,46.604973
041cb7a2-1328-4e20-9ad0-4f3eeaa7e917,2023-05-07T10:54:45+02:00,Sun,,Car,7.533980,46.604971
041cb7a2-1328-4e20-9ad0-4f3eeaa7e917,2023-05-07T10:55:01+02:00,Sun,,Car,7.533978,46.604969
041cb7a2-1328-4e20-9ad0-4f3eeaa7e917,2023-05-07T10:55:17+02:00,Sun,,Car,7.533924,46.604941
041cb7a2-1328-4e20-9ad0-4f3eeaa7e917,2023-05-07T10:55:32+02:00,Sun,,Car,7.533667,46.605251
041cb7a2-1328-4e20-9ad0-4f3eeaa7e917,2023-05-07T10:55:48+02:00,Sun,,Car,7.533509,46.605633
041cb7a2-1328-4e20-9ad0-4f3eeaa7e917,2023-05-07T10:56:04+02:00,Sun,,Car,7.533229,46.606174
041cb7a2-1328-4e20-9ad0-4f3eeaa7e917,2023-05-07T10:56:19+02:00,Sun,,Car,7.532945,46.606563
041cb7a2-1328-4e20-9ad0-4f3eeaa7e917,2023-05-07T10:56:35+02:00,Sun,,Car,7.532706,46.606661
041cb7a2-1328-4e20-9ad0-4f3eeaa7e917,2023-05-07T10:56:51+02:00,Sun,,Car,7.532739,46.607696
041cb7a2-1328-4e20-9ad0-4f3eeaa7e917,2023-05-07T10:57:07+02:00,Sun,,Car,7.533930,46.608281
041cb7a2-1328-4e20-9ad0-4f3eeaa7e917,2023-05-07T10:57:23+02:00,Sun,,Car,7.534777,46.608668
041cb7a2-1328-4e20-9ad0-4f3eeaa7e917,2023-05-07T10:57:38+02:00,Sun,,Car,7.534822,46.608691
041cb7a2-1328-4e20-9ad0-4f3eeaa7e917,2023-05-07T10:57:54+02:00,Sun,,Car,7.534821,46.608696
041cb7a2-1328-4e20-9ad0-4f3eeaa7e917,2023-05-07T10:58:10+02:00,Sun,,Car,7.534680,46.609180
041cb7a2-1328-4e20-9ad0-4f3eeaa7e917,2023-05-07T10:58:26+02:00,Sun,,Car,7.534235,46.610388
041cb7a2-1328-4e20-9ad0-4f3eeaa7e917,2023-05-07T10:58:42+02:00,Sun,,Car,7.534245,46.611169
041cb7a2-1328-4e20-9ad0-4f3eeaa7e917,2023-05-07T10:58:58+02:00,Sun,,Car,7.533585,46.611498
041cb7a2-1328-4e20-9ad0-4f3eeaa7e917,2023-05-07T10:59:13+02:00,Sun,,Car,7.533863,46.611820
041cb7a2-1328-4e20-9ad0-4f3eeaa7e917,2023-05-07T10:59:29+02:00,Sun,,Car,7.533953,46.612420
041cb7a2-1328-4e20-9ad0-4f3eeaa7e917,2023-05-07T10:59:44+02:00,Sun,,Car,7.533280,46.612266
041cb7a2-1328-4e20-9ad0-4f3eeaa7e917,2023-05-07T10:59:59+02:00,Sun,,Car,7.532871,46.612136
041cb7a2-1328-4e20-9ad0-4f3eeaa7e917,2023-05-07T11:00:14+02:00,Sun,,Car,7.532443,46.612123
041cb7a2-1328-4e20-9ad0-4f3eeaa7e917,2023-05-07T11:00:30+02:00,Sun,,Car,7.532046,46.612200
041cb7a2-1328-4e20-9ad0-4f3eeaa7e917,2023-05-07T11:00:46+02:00,Sun,,Car,7.531880,46.612149
041cb7a2-1328-4e20-9ad0-4f3eeaa7e917,2023-05-07T11:01:02+02:00,Sun,,Car,7.531811,46.612172
041cb7a2-1328-4e20-9ad0-4f3eeaa7e917,2023-05-07T11:01:18+02:00,Sun,,Car,7.531722,46.612191
041cb7a2-1328-4e20-9ad0-4f3eeaa7e917,2023-05-07T11:01:33+02:00,Sun,,Car,7.531715,46.612048
041cb7a2-1328-4e20-9ad0-4f3eeaa7e917,2023-05-07T11:01:49+02:00,Sun,,Car,7.531829,46.611763
041cb7a2-1328-4e20-9ad0-4f3eeaa7e917,2023-05-07T11:02:05+02:00,Sun,,Car,7.531932,46.611457
041cb7a2-1328-4e20-9ad0-4f3eeaa7e917,2023-05-07T11:02:21+02:00,Sun,,Car,7.532047,46.611102
041cb7a2-1328-4e20-9ad0-4f3eeaa7e917,2023-05-07T11:02:37+02:00,Sun,,Car,7.532156,46.610765
041cb7a2-1328-4e20-9ad0-4f3eeaa7e917,2023-05-07T11:02:53+02:00,Sun,,Car,7.532246,46.610429
041cb7a2-1328-4e20-9ad0-4f3eeaa7e917,2023-05-07T11:03:09+02:00,Sun,,Car,7.532349,46.610089
041cb7a2-1328-4e20-9ad0-4f3eeaa7e917,2023-05-07T11:03:25+02:00,Sun,,Car,7.532461,46.609736
041cb7a2-1328-4e20-9ad0-4f3eeaa7e917,2023-05-07T11:03:40+02:00,Sun,,Car,7.532559,46.609405
041cb7a2-1328-4e20-9ad0-4f3eeaa7e917,2023-05-07T11:03:56+02:00,Sun,,Car,7.532636,46.609152
041cb7a2-1328-4e20-9ad0-4f3eeaa7e917,2023-05-07T11:04:11+02:00,Sun,,Car,7.532727,46.608887
041cb7a2-1328-4e20-9ad0-4f3eeaa7e917,2023-05-07T11:04:27+02:00,Sun,,Car,7.532829,46.608540
041cb7a2-1328-4e20-9ad0-4f3eeaa7e917,2023-05-07T11:04:42+02:00,Sun,,Car,7.532896,46.608213
041cb7a2-1328-4e20-9ad0-4f3eeaa7e917,2023-05-07T11:04:58+02:00,Sun,,Car,7.533012,46.607872
041cb7a2-1328-4e20-9ad0-4f3eeaa7e917,2023-05-07T11:05:13+02:00,Sun,,Car,7.533116,46.607556
041cb7a2-1328-4e20-9ad0-4f3eeaa7e917,2023-05-07T11:05:29+02:00,Sun,,Car,7.533227,46.607233
041cb7a2-1328-4e20-9ad0-4f3eeaa7e917,2023-05-07T11:05:45+02:00,Sun,,Car,7.533343,46.606877
041cb7a2-1328-4e20-9ad0-4f3eeaa7e917,2023-05-07T11:06:00+02:00,Sun,,Car,7.533467,46.606558
041cb7a2-1328-4e20-9ad0-4f3eeaa7e917,2023-05-07T11:06:16+02:00,Sun,,Car,7.533580,46.606225
041cb7a2-1328-4e20-9ad0-4f3eeaa7e917,2023-05-07T11:06:32+02:00,Sun,,Car,7.533671,46.605902
041cb7a2-1328-4e20-9ad0-4f3eeaa7e917,2023-05-07T11:06:47+02:00,Sun,,Car,7.533712,46.605754
041cb7a2-1328-4e20-9ad0-4f3eeaa7e917,2023-05-07T11:07:03+02:00,Sun,,Car,7.533852,46.605260
041cb7a2-1328-4e20-9ad0-4f3eeaa7e917,2023-05-07T11:07:19+02:00,Sun,,Car,7.533953,46.604941
041cb7a2-1328-4e20-9ad0-4f3eeaa7e917,2023-05-07T11:07:35+02:00,Sun,,Car,7.534056,46.604599
041cb7a2-1328-4e20-9ad0-4f3eeaa7e917,2023-05-07T11:07:51+02:00,Sun,,Car,7.534166,46.604288
041cb7a2-1328-4e20-9ad0-4f3eeaa7e917,2023-05-07T11:08:07+02:00,Sun,,Car,7.534219,46.604089
041cb7a2-1328-4e20-9ad0-4f3eeaa7e917,2023-05-07T11:08:23+02:00,Sun,,Car,7.534340,46.603688
041cb7a2-1328-4e20-9ad0-4f3eeaa7e917,2023-05-07T11:08:38+02:00,Sun,,Car,7.534454,46.603291
041cb7a2-1328-4e20-9ad0-4f3eeaa7e917,2023-05-07T11:08:54+02:00,Sun,,Car,7.534525,46.603076
041cb7a2-1328-4e20-9ad0-4f3eeaa7e917,2023-05-07T11:09:09+02:00,Sun,,Car,7.534562,46.602918
041cb7a2-1328-4e20-9ad0-4f3eeaa7e917,2023-05-07T11:09:25+02:00,Sun,,Car,7.534682,46.602568
041cb7a2-1328-4e20-9ad0-4f3eeaa7e917,2023-05-07T11:09:41+02:00,Sun,,Car,7.534783,46.602252
041cb7a2-1328-4e20-9ad0-4f3eeaa7e917,2023-05-07T11:09:57+02:00,Sun,,Car,7.534846,46.602048
041cb7a2-1328-4e20-9ad0-4f3eeaa7e917,2023-05-07T11:10:13+02:00,Sun,,Car,7.534954,46.601723
041cb7a2-1328-4e20-9ad0-4f3eeaa7e917,2023-05-07T11:10:29+02:00,Sun,,Car,7.535075,46.601329
041cb7a2-1328-4e20-9ad0-4f3eeaa7e917,2023-05-07T11:10:45+02:00,Sun,,Car,7.535184,46.600976
041cb7a2-1328-4e20-9ad0-4f3eeaa7e917,2023-05-07T11:11:01+02:00,Sun,,Car,7.535266,46.600705
041cb7a2-1328-4e20-9ad0-4f3eeaa7e917,2023-05-07T11:11:16+02:00,Sun,,Car,7.535378,46.600317
041cb7a2-1328-4e20-9ad0-4f3eeaa7e917,2023-05-07T11:11:32+02:00,Sun,,Car,7.535416,46.600108
041cb7a2-1328-4e20-9ad0-4f3eeaa7e917,2023-05-07T11:11:47+02:00,Sun,,Car,7.535506,46.600051
041cb7a2-1328-4e20-9ad0-4f3eeaa7e917,2023-05-07T11:12:03+02:00,Sun,,Car,7.535782,46.600099
041cb7a2-1328-4e20-9ad0-4f3eeaa7e917,2023-05-07T11:12:18+02:00,Sun,,Car,7.536067,46.600132
041cb7a2-1328-4e20-9ad0-4f3eeaa7e917,2023-05-07T11:12:34+02:00,Sun,,Car,7.536273,46.600158
041cb7a2-1328-4e20-9ad0-4f3eeaa7e917,2023-05-07T11:12:49+02:00,Sun,,Car,7.536740,46.600161
041cb7a2-1328-4e20-9ad0-4f3eeaa7e917,2023-05-07T11:13:05+02:00,Sun,,Car,7.537980,46.600676
041cb7a2-1328-4e20-9ad0-4f3eeaa7e917,2023-05-07T11:13:21+02:00,Sun,,Car,7.538742,46.601283
041cb7a2-1328-4e20-9ad0-4f3eeaa7e917,2023-05-07T11:13:36+02:00,Sun,,Car,7.539459,46.601865
041cb7a2-1328-4e20-9ad0-4f3eeaa7e917,2023-05-07T11:13:52+02:00,Sun,,Car,7.539461,46.601883
041cb7a2-1328-4e20-9ad0-4f3eeaa7e917,2023-05-07T11:14:08+02:00,Sun,,Car,7.539462,46.601879
041cb7a2-1328-4e20-9ad0-4f3eeaa7e917,2023-05-07T11:14:24+02:00,Sun,,Car,7.539462,46.601879
041cb7a2-1328-4e20-9ad0-4f3eeaa7e917,2023-05-07T11:14:40+02:00,Sun,,Car,7.539462,46.601879
041cb7a2-1328-4e20-9ad0-4f3eeaa7e917,2023-05-07T11:14:56+02:00,Sun,,Car,7.539462,46.601879
041cb7a2-1328-4e20-9ad0-4f3eeaa7e917,2023-05-07T11:15:11+02:00,Sun,,Car,7.539270,46.601992
041cb7a2-1328-4e20-9ad0-4f3eeaa7e917,2023-05-07T11:15:27+02:00,Sun,,Car,7.538550,46.602507
041cb7a2-1328-4e20-9ad0-4f3eeaa7e917,2023-05-07T11:15:42+02:00,Sun,,Car,7.538164,46.602808
041cb7a2-1328-4e20-9ad0-4f3eeaa7e917,2023-05-07T11:15:58+02:00,Sun,,Car,7.537466,46.602789
041cb7a2-1328-4e20-9ad0-4f3eeaa7e917,2023-05-07T11:16:14+02:00,Sun,,Car,7.537828,46.603609
041cb7a2-1328-4e20-9ad0-4f3eeaa7e917,2023-05-07T11:16:30+02:00,Sun,,Car,7.537007,46.603648
041cb7a2-1328-4e20-9ad0-4f3eeaa7e917,2023-05-07T11:16:46+02:00,Sun,,Car,7.537074,46.604192
041cb7a2-1328-4e20-9ad0-4f3eeaa7e917,2023-05-07T11:17:01+02:00,Sun,,Car,7.537079,46.604182
041cb7a2-1328-4e20-9ad0-4f3eeaa7e917,2023-05-07T11:17:17+02:00,Sun,,Car,7.536521,46.604387
041cb7a2-1328-4e20-9ad0-4f3eeaa7e917,2023-05-07T11:17:33+02:00,Sun,,Car,7.536190,46.604793
041cb7a2-1328-4e20-9ad0-4f3eeaa7e917,2023-05-07T11:17:48+02:00,Sun,,Car,7.535068,46.604562
041cb7a2-1328-4e20-9ad0-4f3eeaa7e917,2023-05-07T11:18:03+02:00,Sun,,Car,7.534570,46.604992
041cb7a2-1328-4e20-9ad0-4f3eeaa7e917,2023-05-07T11:18:19+02:00,Sun,,Car,7.534003,46.604962
041cb7a2-1328-4e20-9ad0-4f3eeaa7e917,2023-05-07T11:18:34+02:00,Sun,,Car,7.533895,46.604941
041cb7a2-1328-4e20-9ad0-4f3eeaa7e917,2023-05-07T11:18:49+02:00,Sun,,Car,7.533718,46.605354
041cb7a2-1328-4e20-9ad0-4f3eeaa7e917,2023-05-07T11:19:05+02:00,Sun,,Car,7.533386,46.605683
041cb7a2-1328-4e20-9ad0-4f3eeaa7e917,2023-05-07T11:19:20+02:00,Sun,,Car,7.533246,46.606307
041cb7a2-1328-4e20-9ad0-4f3eeaa7e917,2023-05-07T11:19:35+02:00,Sun,,Car,7.533072,46.606754
041cb7a2-1328-4e20-9ad0-4f3eeaa7e917,2023-05-07T11:19:51+02:00,Sun,,Car,7.532740,46.606798
041cb7a2-1328-4e20-9ad0-4f3eeaa7e917,2023-05-07T11:20:06+02:00,Sun,,Car,7.532761,46.607772
041cb7a2-1328-4e20-9ad0-4f3eeaa7e917,2023-05-07T11:20:22+02:00,Sun,,Car,7.534007,46.608294
041cb7a2-1328-4e20-9ad0-4f3eeaa7e917,2023-05-07T11:20:38+02:00,Sun,,Car,7.534910,46.608779
041cb7a2-1328-4e20-9ad0-4f3eeaa7e917,2023-05-07T11:20:53+02:00,Sun,,Car,7.534461,46.609692
041cb7a2-1328-4e20-9ad0-4f3eeaa7e917,2023-05-07T11:21:09+02:00,Sun,,Car,7.534350,46.610925
041cb7a2-1328-4e20-9ad0-4f3eeaa7e917,2023-05-07T11:21:25+02:00,Sun,,Car,7.533824,46.611288
041cb7a2-1328-4e20-9ad0-4f3eeaa7e917,2023-05-07T11:21:41+02:00,Sun,,Car,7.533565,46.611666
041cb7a2-1328-4e20-9ad0-4f3eeaa7e917,2023-05-07T11:21:56+02:00,Sun,,Car,7.534057,46.612144
041cb7a2-1328-4e20-9ad0-4f3eeaa7e917,2023-05-07T11:22:12+02:00,Sun,,Car,7.533423,46.612277
041cb7a2-1328-4e20-9ad0-4f3eeaa7e917,2023-05-07T11:22:28+02:00,Sun,,Car,7.532995,46.612114
041cb7a2-1328-4e20-9ad0-4f3eeaa7e917,2023-05-07T11:22:44+02:00,Sun,,Car,7.532589,46.612106
041cb7a2-1328-4e20-9ad0-4f3eeaa7e917,2023-05-07T11:23:00+02:00,Sun,,Car,7.532170,46.612179
041cb7a2-1328-4e20-9ad0-4f3eeaa7e917,2023-05-07T11:23:15+02:00,Sun,,Car,7.531965,46.612167
041cb7a2-1328-4e20-9ad0-4f3eeaa7e917,2023-05-07T11:23:31+02:00,Sun,,Car,7.531863,46.612159
041cb7a2-1328-4e20-9ad0-4f3eeaa7e917,2023-05-07T11:23:46+02:00,Sun,,Car,7.531810,46.612161
041cb7a2-1328-4e20-9ad0-4f3eeaa7e917,2023-05-07T11:24:02+02:00,Sun,,Car,7.531729,46.612163
041cb7a2-1328-4e20-9ad0-4f3eeaa7e917,2023-05-07T11:24:18+02:00,Sun,,Car,7.531659,46.612062
041cb7a2-1328-4e20-9ad0-4f3eeaa7e917,2023-05-07T11:24:33+02:00,Sun,,Car,7.531823,46.611779
041cb7a2-1328-4e20-9ad0-4f3eeaa7e917,2023-05-07T11:24:49+02:00,Sun,,Car,7.531927,46.611460
041cb7a2-1328-4e20-9ad0-4f3eeaa7e917,2023-05-07T11:25:05+02:00,Sun,,Car,7.532036,46.611106
041cb7a2-1328-4e20-9ad0-4f3eeaa7e917,2023-05-07T11:25:21+02:00,Sun,,Car,7.532144,46.610767
041cb7a2-1328-4e20-9ad0-4f3eeaa7e917,2023-05-07T11:25:36+02:00,Sun,,Car,7.532245,46.610446
041cb7a2-1328-4e20-9ad0-4f3eeaa7e917,2023-05-07T11:25:52+02:00,Sun,,Car,7.532346,46.610109
041cb7a2-1328-4e20-9ad0-4f3eeaa7e917,2023-05-07T11:26:08+02:00,Sun,,Car,7.532452,46.609768
041cb7a2-1328-4e20-9ad0-4f3eeaa7e917,2023-05-07T11:26:23+02:00,Sun,,Car,7.532556,46.609430
041cb7a2-1328-4e20-9ad0-4f3eeaa7e917,2023-05-07T11:26:39+02:00,Sun,,Car,7.532658,46.609073
041cb7a2-1328-4e20-9ad0-4f3eeaa7e917,2023-05-07T11:26:55+02:00,Sun,,Car,7.532748,46.608726
041cb7a2-1328-4e20-9ad0-4f3eeaa7e917,2023-05-07T11:27:10+02:00,Sun,,Car,7.532836,46.608409
041cb7a2-1328-4e20-9ad0-4f3eeaa7e917,2023-05-07T11:27:26+02:00,Sun,,Car,7.532943,46.608076
041cb7a2-1328-4e20-9ad0-4f3eeaa7e917,2023-05-07T11:27:42+02:00,Sun,,Car,7.533048,46.607731
041cb7a2-1328-4e20-9ad0-4f3eeaa7e917,2023-05-07T11:27:57+02:00,Sun,,Car,7.533151,46.607415
041cb7a2-1328-4e20-9ad0-4f3eeaa7e917,2023-05-07T11:28:13+02:00,Sun,,Car,7.533258,46.607083
041cb7a2-1328-4e20-9ad0-4f3eeaa7e917,2023-05-07T11:28:28+02:00,Sun,,Car,7.533365,46.606756
041cb7a2-1328-4e20-9ad0-4f3eeaa7e917,2023-05-07T11:28:44+02:00,Sun,,Car,7.533477,46.606423
041cb7a2-1328-4e20-9ad0-4f3eeaa7e917,2023-05-07T11:29:00+02:00,Sun,,Car,7.533569,46.606094
041cb7a2-1328-4e20-9ad0-4f3eeaa7e917,2023-05-07T11:29:15+02:00,Sun,,Car,7.533661,46.605811
041cb7a2-1328-4e20-9ad0-4f3eeaa7e917,2023-05-07T11:29:31+02:00,Sun,,Car,7.533768,46.605439
041cb7a2-1328-4e20-9ad0-4f3eeaa7e917,2023-05-07T11:29:47+02:00,Sun,,Car,7.533866,46.605110
041cb7a2-1328-4e20-9ad0-4f3eeaa7e917,2023-05-07T11:30:03+02:00,Sun,,Car,7.533965,46.604778
041cb7a2-1328-4e20-9ad0-4f3eeaa7e917,2023-05-07T11:30:18+02:00,Sun,,Car,7.534058,46.604478
041cb7a2-1328-4e20-9ad0-4f3eeaa7e917,2023-05-07T11:30:34+02:00,Sun,,Car,7.534169,46.604148
041cb7a2-1328-4e20-9ad0-4f3eeaa7e917,2023-05-07T11:30:50+02:00,Sun,,Car,7.534273,46.603823
041cb7a2-1328-4e20-9ad0-4f3eeaa7e917,2023-05-07T11:31:06+02:00,Sun,,Car,7.534379,46.603487
041cb7a2-1328-4e20-9ad0-4f3eeaa7e917,2023-05-07T11:31:22+02:00,Sun,,Car,7.534490,46.603149
041cb7a2-1328-4e20-9ad0-4f3eeaa7e917,2023-05-07T11:31:38+02:00,Sun,,Car,7.534594,46.602822
041cb7a2-1328-4e20-9ad0-4f3eeaa7e917,2023-05-07T11:31:53+02:00,Sun,,Car,7.534698,46.602519
041cb7a2-1328-4e20-9ad0-4f3eeaa7e917,2023-05-07T11:32:09+02:00,Sun,,Car,7.534812,46.602188
041cb7a2-1328-4e20-9ad0-4f3eeaa7e917,2023-05-07T11:32:25+02:00,Sun,,Car,7.534909,46.601850
041cb7a2-1328-4e20-9ad0-4f3eeaa7e917,2023-05-07T11:32:41+02:00,Sun,,Car,7.535004,46.601526
041cb7a2-1328-4e20-9ad0-4f3eeaa7e917,2023-05-07T11:32:57+02:00,Sun,,Car,7.535103,46.601206
041cb7a2-1328-4e20-9ad0-4f3eeaa7e917,2023-05-07T11:33:12+02:00,Sun,,Car,7.535212,46.600893
041cb7a2-1328-4e20-9ad0-4f3eeaa7e917,2023-05-07T11:33:27+02:00,Sun,,Car,7.535266,46.600718
041cb7a2-1328-4e20-9ad0-4f3eeaa7e917,2023-05-07T11:33:42+02:00,Sun,,Car,7.535412,46.600249
041cb7a2-1328-4e20-9ad0-4f3eeaa7e917,2023-05-07T11:33:57+02:00,Sun,,Car,7.535423,46.600107
041cb7a2-1328-4e20-9ad0-4f3eeaa7e917,2023-05-07T11:34:13+02:00,Sun,,Car,7.535531,46.600040
041cb7a2-1328-4e20-9ad0-4f3eeaa7e917,2023-05-07T11:34:29+02:00,Sun,,Car,7.535684,46.600079
041cb7a2-1328-4e20-9ad0-4f3eeaa7e917,2023-05-07T11:34:29+02:00,Sun,,Car,7.535710,46.600002
041cb7a2-1328-4e20-9ad0-4f3eeaa7e917,2023-05-07T11:34:29+02:00,Sun,Place,,7.535710,46.600002
041cb7a2-1328-4e20-9ad0-4f3eeaa7e917,2023-05-07T11:39:08+02:00,Sun,,Car,7.535710,46.600002
041cb7a2-1328-4e20-9ad0-4f3eeaa7e917,2023-05-07T11:39:08+02:00,Sun,,Car,7.536309,46.600126
041cb7a2-1328-4e20-9ad0-4f3eeaa7e917,2023-05-07T11:39:24+02:00,Sun,,Car,7.537734,46.600444
041cb7a2-1328-4e20-9ad0-4f3eeaa7e917,2023-05-07T11:39:40+02:00,Sun,,Car,7.538708,46.601261
041cb7a2-1328-4e20-9ad0-4f3eeaa7e917,2023-05-07T11:39:56+02:00,Sun,,Car,7.539482,46.601915
041cb7a2-1328-4e20-9ad0-4f3eeaa7e917,2023-05-07T11:40:12+02:00,Sun,,Car,7.539483,46.601913
041cb7a2-1328-4e20-9ad0-4f3eeaa7e917,2023-05-07T11:40:27+02:00,Sun,,Car,7.539485,46.601921
041cb7a2-1328-4e20-9ad0-4f3eeaa7e917,2023-05-07T11:40:43+02:00,Sun,,Car,7.538832,46.602431
041cb7a2-1328-4e20-9ad0-4f3eeaa7e917,2023-05-07T11:40:58+02:00,Sun,,Car,7.538237,46.602802
041cb7a2-1328-4e20-9ad0-4f3eeaa7e917,2023-05-07T11:41:14+02:00,Sun,,Car,7.537558,46.603045
041cb7a2-1328-4e20-9ad0-4f3eeaa7e917,2023-05-07T11:41:30+02:00,Sun,,Car,7.537584,46.603608
041cb7a2-1328-4e20-9ad0-4f3eeaa7e917,2023-05-07T11:41:46+02:00,Sun,,Car,7.537131,46.603892
041cb7a2-1328-4e20-9ad0-4f3eeaa7e917,2023-05-07T11:42:02+02:00,Sun,,Car,7.537076,46.604222
041cb7a2-1328-4e20-9ad0-4f3eeaa7e917,2023-05-07T11:42:18+02:00,Sun,,Car,7.537092,46.604217
041cb7a2-1328-4e20-9ad0-4f3eeaa7e917,2023-05-07T11:42:34+02:00,Sun,,Car,7.537112,46.604229
041cb7a2-1328-4e20-9ad0-4f3eeaa7e917,2023-05-07T11:42:50+02:00,Sun,,Car,7.537013,46.604333
041cb7a2-1328-4e20-9ad0-4f3eeaa7e917,2023-05-07T11:43:05+02:00,Sun,,Car,7.536281,46.604637
041cb7a2-1328-4e20-9ad0-4f3eeaa7e917,2023-05-07T11:43:21+02:00,Sun,,Car,7.535569,46.604565
041cb7a2-1328-4e20-9ad0-4f3eeaa7e917,2023-05-07T11:43:37+02:00,Sun,,Car,7.534722,46.604969
041cb7a2-1328-4e20-9ad0-4f3eeaa7e917,2023-05-07T11:43:53+02:00,Sun,,Car,7.533941,46.604957
041cb7a2-1328-4e20-9ad0-4f3eeaa7e917,2023-05-07T11:44:09+02:00,Sun,,Car,7.533881,46.604959
041cb7a2-1328-4e20-9ad0-4f3eeaa7e917,2023-05-07T11:44:24+02:00,Sun,,Car,7.533616,46.605404
041cb7a2-1328-4e20-9ad0-4f3eeaa7e917,2023-05-07T11:44:40+02:00,Sun,,Car,7.533363,46.605797
041cb7a2-1328-4e20-9ad0-4f3eeaa7e917,2023-05-07T11:44:56+02:00,Sun,,Car,7.533073,46.606504
041cb7a2-1328-4e20-9ad0-4f3eeaa7e917,2023-05-07T11:45:12+02:00,Sun,,Car,7.532696,46.606615
041cb7a2-1328-4e20-9ad0-4f3eeaa7e917,2023-05-07T11:45:27+02:00,Sun,,Car,7.532737,46.607665
041cb7a2-1328-4e20-9ad0-4f3eeaa7e917,2023-05-07T11:45:42+02:00,Sun,,Car,7.533964,46.608272
041cb7a2-1328-4e20-9ad0-4f3eeaa7e917,2023-05-07T11:45:58+02:00,Sun,,Car,7.534626,46.608600
041cb7a2-1328-4e20-9ad0-4f3eeaa7e917,2023-05-07T11:46:13+02:00,Sun,,Car,7.534732,46.609219
041cb7a2-1328-4e20-9ad0-4f3eeaa7e917,2023-05-07T11:46:28+02:00,Sun,,Car,7.534210,46.610488
041cb7a2-1328-4e20-9ad0-4f3eeaa7e917,2023-05-07T11:46:44+02:00,Sun,,Car,7.534244,46.611157
041cb7a2-1328-4e20-9ad0-4f3eeaa7e917,2023-05-07T11:47:00+02:00,Sun,,Car,7.533630,46.611445
041cb7a2-1328-4e20-9ad0-4f3eeaa7e917,2023-05-07T11:47:15+02:00,Sun,,Car,7.533654,46.611821
041cb7a2-1328-4e20-9ad0-4f3eeaa7e917,2023-05-07T11:47:31+02:00,Sun,,Car,7.533748,46.612358
041cb7a2-1328-4e20-9ad0-4f3eeaa7e917,2023-05-07T11:47:47+02:00,Sun,,Car,7.533574,46.612337
041cb7a2-1328-4e20-9ad0-4f3eeaa7e917,2023-05-07T11:48:02+02:00,Sun,,Car,7.533371,46.612245
041cb7a2-1328-4e20-9ad0-4f3eeaa7e917,2023-05-07T11:48:18+02:00,Sun,,Car,7.533029,46.612134
041cb7a2-1328-4e20-9ad0-4f3eeaa7e917,2023-05-07T11:48:33+02:00,Sun,,Car,7.532748,46.612109
041cb7a2-1328-4e20-9ad0-4f3eeaa7e917,2023-05-07T11:48:49+02:00,Sun,,Car,7.532405,46.612107
041cb7a2-1328-4e20-9ad0-4f3eeaa7e917,2023-05-07T11:49:05+02:00,Sun,,Car,7.532088,46.612184
041cb7a2-1328-4e20-9ad0-4f3eeaa7e917,2023-05-07T11:49:21+02:00,Sun,,Car,7.532071,46.612179
041cb7a2-1328-4e20-9ad0-4f3eeaa7e917,2023-05-07T11:49:36+02:00,Sun,,Car,7.532020,46.612178
041cb7a2-1328-4e20-9ad0-4f3eeaa7e917,2023-05-07T11:49:52+02:00,Sun,,Car,7.531923,46.612167
041cb7a2-1328-4e20-9ad0-4f3eeaa7e917,2023-05-07T11:50:08+02:00,Sun,,Car,7.531875,46.612156
041cb7a2-1328-4e20-9ad0-4f3eeaa7e917,2023-05-07T11:50:23+02:00,Sun,,Car,7.531875,46.612111
041cb7a2-1328-4e20-9ad0-4f3eeaa7e917,2023-05-07T11:50:38+02:00,Sun,,Car,7.531944,46.612109
041cb7a2-1328-4e20-9ad0-4f3eeaa7e917,2023-05-07T11:50:54+02:00,Sun,,Car,7.531870,46.612162
041cb7a2-1328-4e20-9ad0-4f3eeaa7e917,2023-05-07T11:51:10+02:00,Sun,,Car,7.531760,46.612187
041cb7a2-1328-4e20-9ad0-4f3eeaa7e917,2023-05-07T11:51:25+02:00,Sun,,Car,7.531692,46.612078
041cb7a2-1328-4e20-9ad0-4f3eeaa7e917,2023-05-07T11:51:41+02:00,Sun,,Car,7.531820,46.611767
041cb7a2-1328-4e20-9ad0-4f3eeaa7e917,2023-05-07T11:51:57+02:00,Sun,,Car,7.531928,46.611447
041cb7a2-1328-4e20-9ad0-4f3eeaa7e917,2023-05-07T11:52:13+02:00,Sun,,Car,7.532050,46.611104
041cb7a2-1328-4e20-9ad0-4f3eeaa7e917,2023-05-07T11:52:29+02:00,Sun,,Car,7.532155,46.610766
041cb7a2-1328-4e20-9ad0-4f3eeaa7e917,2023-05-07T11:52:45+02:00,Sun,,Car,7.532262,46.610428
041cb7a2-1328-4e20-9ad0-4f3eeaa7e917,2023-05-07T11:53:01+02:00,Sun,,Car,7.532368,46.610088
041cb7a2-1328-4e20-9ad0-4f3eeaa7e917,2023-05-07T11:53:17+02:00,Sun,,Car,7.532478,46.609744
041cb7a2-1328-4e20-9ad0-4f3eeaa7e917,2023-05-07T11:53:32+02:00,Sun,,Car,7.532579,46.609408
041cb7a2-1328-4e20-9ad0-4f3eeaa7e917,2023-05-07T11:53:48+02:00,Sun,,Car,7.532677,46.609058
041cb7a2-1328-4e20-9ad0-4f3eeaa7e917,2023-05-07T11:54:03+02:00,Sun,,Car,7.532775,46.608732
041cb7a2-1328-4e20-9ad0-4f3eeaa7e917,2023-05-07T11:54:19+02:00,Sun,,Car,7.532883,46.608391
041cb7a2-1328-4e20-9ad0-4f3eeaa7e917,2023-05-07T11:54:35+02:00,Sun,,Car,7.532994,46.608048
041cb7a2-1328-4e20-9ad0-4f3eeaa7e917,2023-05-07T11:54:51+02:00,Sun,,Car,7.533072,46.607767
041cb7a2-1328-4e20-9ad0-4f3eeaa7e917,2023-05-07T11:55:06+02:00,Sun,,Car,7.533179,46.607403
041cb7a2-1328-4e20-9ad0-4f3eeaa7e917,2023-05-07T11:55:22+02:00,Sun,,Car,7.533284,46.607072
041cb7a2-1328-4e20-9ad0-4f3eeaa7e917,2023-05-07T11:55:38+02:00,Sun,,Car,7.533394,46.606722
041cb7a2-1328-4e20-9ad0-4f3eeaa7e917,2023-05-07T11:55:53+02:00,Sun,,Car,7.533488,46.606407
041cb7a2-1328-4e20-9ad0-4f3eeaa7e917,2023-05-07T11:56:09+02:00,Sun,,Car,7.533602,46.606070
041cb7a2-1328-4e20-9ad0-4f3eeaa7e917,2023-05-07T11:56:24+02:00,Sun,,Car,7.533702,46.605761
041cb7a2-1328-4e20-9ad0-4f3eeaa7e917,2023-05-07T11:56:40+02:00,Sun,,Car,7.533804,46.605432
041cb7a2-1328-4e20-9ad0-4f3eeaa7e917,2023-05-07T11:56:56+02:00,Sun,,Car,7.533846,46.605290
041cb7a2-1328-4e20-9ad0-4f3eeaa7e917,2023-05-07T11:57:12+02:00,Sun,,Car,7.533985,46.604813
041cb7a2-1328-4e20-9ad0-4f3eeaa7e917,2023-05-07T11:57:28+02:00,Sun,,Car,7.534099,46.604445
041cb7a2-1328-4e20-9ad0-4f3eeaa7e917,2023-05-07T11:57:44+02:00,Sun,,Car,7.534201,46.604116
041cb7a2-1328-4e20-9ad0-4f3eeaa7e917,2023-05-07T11:58:00+02:00,Sun,,Car,7.534302,46.603786
041cb7a2-1328-4e20-9ad0-4f3eeaa7e917,2023-05-07T11:58:16+02:00,Sun,,Car,7.534401,46.603449
041cb7a2-1328-4e20-9ad0-4f3eeaa7e917,2023-05-07T11:58:32+02:00,Sun,,Car,7.534509,46.603113
041cb7a2-1328-4e20-9ad0-4f3eeaa7e917,2023-05-07T11:58:48+02:00,Sun,,Car,7.534615,46.602786
041cb7a2-1328-4e20-9ad0-4f3eeaa7e917,2023-05-07T11:59:03+02:00,Sun,,Car,7.534664,46.602644
041cb7a2-1328-4e20-9ad0-4f3eeaa7e917,2023-05-07T11:59:19+02:00,Sun,,Car,7.534816,46.602175
041cb7a2-1328-4e20-9ad0-4f3eeaa7e917,2023-05-07T11:59:35+02:00,Sun,,Car,7.534933,46.601820
041cb7a2-1328-4e20-9ad0-4f3eeaa7e917,2023-05-07T11:59:50+02:00,Sun,,Car,7.535020,46.601519
041cb7a2-1328-4e20-9ad0-4f3eeaa7e917,2023-05-07T12:00:06+02:00,Sun,,Car,7.535092,46.601258
041cb7a2-1328-4e20-9ad0-4f3eeaa7e917,2023-05-07T12:00:22+02:00,Sun,,Car,7.535220,46.600863
041cb7a2-1328-4e20-9ad0-4f3eeaa7e917,2023-05-07T12:00:38+02:00,Sun,,Car,7.535328,46.600530
041cb7a2-1328-4e20-9ad0-4f3eeaa7e917,2023-05-07T12:00:54+02:00,Sun,,Car,7.535440,46.600178
041cb7a2-1328-4e20-9ad0-4f3eeaa7e917,2023-05-07T12:01:10+02:00,Sun,,Car,7.535430,46.600078
041cb7a2-1328-4e20-9ad0-4f3eeaa7e917,2023-05-07T12:01:25+02:00,Sun,,Car,7.535604,46.600064
041cb7a2-1328-4e20-9ad0-4f3eeaa7e917,2023-05-07T12:01:40+02:00,Sun,,Car,7.535716,46.600095
041cb7a2-1328-4e20-9ad0-4f3eeaa7e917,2023-05-07T12:01:56+02:00,Sun,,Car,7.535716,46.600095
041cb7a2-1328-4e20-9ad0-4f3eeaa7e917,2023-05-07T12:02:12+02:00,Sun,,Car,7.536479,46.600137
041cb7a2-1328-4e20-9ad0-4f3eeaa7e917,2023-05-07T12:02:27+02:00,Sun,,Car,7.537786,46.600547
041cb7a2-1328-4e20-9ad0-4f3eeaa7e917,2023-05-07T12:02:43+02:00,Sun,,Car,7.538811,46.601319
041cb7a2-1328-4e20-9ad0-4f3eeaa7e917,2023-05-07T12:02:58+02:00,Sun,,Car,7.539494,46.602025
041cb7a2-1328-4e20-9ad0-4f3eeaa7e917,2023-05-07T12:03:14+02:00,Sun,,Car,7.539500,46.602016
041cb7a2-1328-4e20-9ad0-4f3eeaa7e917,2023-05-07T12:03:29+02:00,Sun,,Car,7.539500,46.602019
041cb7a2-1328-4e20-9ad0-4f3eeaa7e917,2023-05-07T12:03:45+02:00,Sun,,Car,7.539436,46.602016
041cb7a2-1328-4e20-9ad0-4f3eeaa7e917,2023-05-07T12:04:00+02:00,Sun,,Car,7.538534,46.602529
041cb7a2-1328-4e20-9ad0-4f3eeaa7e917,2023-05-07T12:04:15+02:00,Sun,,Car,7.537976,46.602710
041cb7a2-1328-4e20-9ad0-4f3eeaa7e917,2023-05-07T12:04:31+02:00,Sun,,Car,7.537668,46.603156
041cb7a2-1328-4e20-9ad0-4f3eeaa7e917,2023-05-07T12:04:46+02:00,Sun,,Car,7.537640,46.603606
041cb7a2-1328-4e20-9ad0-4f3eeaa7e917,2023-05-07T12:05:02+02:00,Sun,,Car,7.536968,46.603676
041cb7a2-1328-4e20-9ad0-4f3eeaa7e917,2023-05-07T12:05:17+02:00,Sun,,Car,7.537017,46.604061
041cb7a2-1328-4e20-9ad0-4f3eeaa7e917,2023-05-07T12:05:33+02:00,Sun,,Car,7.537100,46.604221
041cb7a2-1328-4e20-9ad0-4f3eeaa7e917,2023-05-07T12:05:49+02:00,Sun,,Car,7.537100,46.604220
041cb7a2-1328-4e20-9ad0-4f3eeaa7e917,2023-05-07T12:06:05+02:00,Sun,,Car,7.537104,46.604221
041cb7a2-1328-4e20-9ad0-4f3eeaa7e917,2023-05-07T12:06:20+02:00,Sun,,Car,7.536459,46.604422
041cb7a2-1328-4e20-9ad0-4f3eeaa7e917,2023-05-07T12:06:36+02:00,Sun,,Car,7.536224,46.604900
041cb7a2-1328-4e20-9ad0-4f3eeaa7e917,2023-05-07T12:06:51+02:00,Sun,,Car,7.534996,46.604735
041cb7a2-1328-4e20-9ad0-4f3eeaa7e917,2023-05-07T12:07:07+02:00,Sun,,Car,7.533972,46.604989
041cb7a2-1328-4e20-9ad0-4f3eeaa7e917,2023-05-07T12:07:23+02:00,Sun,,Car,7.533954,46.604979
041cb7a2-1328-4e20-9ad0-4f3eeaa7e917,2023-05-07T12:07:38+02:00,Sun,,Car,7.533945,46.604968
041cb7a2-1328-4e20-9ad0-4f3eeaa7e917,2023-05-07T12:07:54+02:00,Sun,,Car,7.533943,46.604974
041cb7a2-1328-4e20-9ad0-4f3eeaa7e917,2023-05-07T12:08:10+02:00,Sun,,Car,7.533943,46.604974
041cb7a2-1328-4e20-9ad0-4f3eeaa7e917,2023-05-07T12:08:26+02:00,Sun,,Car,7.533775,46.605197
041cb7a2-1328-4e20-9ad0-4f3eeaa7e917,2023-05-07T12:08:41+02:00,Sun,,Car,7.533396,46.605518
041cb7a2-1328-4e20-9ad0-4f3eeaa7e917,2023-05-07T12:08:57+02:00,Sun,,Car,7.533208,46.606170
041cb7a2-1328-4e20-9ad0-4f3eeaa7e917,2023-05-07T12:09:13+02:00,Sun,,Car,7.533117,46.606743
041cb7a2-1328-4e20-9ad0-4f3eeaa7e917,2023-05-07T12:09:28+02:00,Sun,,Car,7.532718,46.606568
041cb7a2-1328-4e20-9ad0-4f3eeaa7e917,2023-05-07T12:09:43+02:00,Sun,,Car,7.532727,46.606578
041cb7a2-1328-4e20-9ad0-4f3eeaa7e917,2023-05-07T12:09:58+02:00,Sun,,Car,7.532713,46.606584
041cb7a2-1328-4e20-9ad0-4f3eeaa7e917,2023-05-07T12:10:14+02:00,Sun,,Car,7.532715,46.606586
041cb7a2-1328-4e20-9ad0-4f3eeaa7e917,2023-05-07T12:10:29+02:00,Sun,,Car,7.532726,46.606564
041cb7a2-1328-4e20-9ad0-4f3eeaa7e917,2023-05-07T12:10:45+02:00,Sun,,Car,7.532727,46.607575
041cb7a2-1328-4e20-9ad0-4f3eeaa7e917,2023-05-07T12:11:01+02:00,Sun,,Car,7.533928,46.608291
041cb7a2-1328-4e20-9ad0-4f3eeaa7e917,2023-05-07T12:11:17+02:00,Sun,,Car,7.534907,46.608809
041cb7a2-1328-4e20-9ad0-4f3eeaa7e917,2023-05-07T12:11:32+02:00,Sun,,Car,7.534494,46.609876
041cb7a2-1328-4e20-9ad0-4f3eeaa7e917,2023-05-07T12:11:48+02:00,Sun,,Car,7.534203,46.610996
041cb7a2-1328-4e20-9ad0-4f3eeaa7e917,2023-05-07T12:12:03+02:00,Sun,,Car,7.533973,46.611420
041cb7a2-1328-4e20-9ad0-4f3eeaa7e917,2023-05-07T12:12:19+02:00,Sun,,Car,7.533801,46.611724
041cb7a2-1328-4e20-9ad0-4f3eeaa7e917,2023-05-07T12:12:35+02:00,Sun,,Car,7.534004,46.612415
041cb7a2-1328-4e20-9ad0-4f3eeaa7e917,2023-05-07T12:12:50+02:00,Sun,,Car,7.533663,46.612349
041cb7a2-1328-4e20-9ad0-4f3eeaa7e917,2023-05-07T12:13:06+02:00,Sun,,Car,7.533663,46.612349
041cb7a2-1328-4e20-9ad0-4f3eeaa7e917,2023-05-07T12:13:22+02:00,Sun,,Car,7.533652,46.612354
041cb7a2-1328-4e20-9ad0-4f3eeaa7e917,2023-05-07T12:13:37+02:00,Sun,,Car,7.533635,46.612375
041cb7a2-1328-4e20-9ad0-4f3eeaa7e917,2023-05-07T12:13:53+02:00,Sun,,Car,7.533339,46.612288
041cb7a2-1328-4e20-9ad0-4f3eeaa7e917,2023-05-07T12:14:09+02:00,Sun,,Car,7.532711,46.612226
041cb7a2-1328-4e20-9ad0-4f3eeaa7e917,2023-05-07T12:14:24+02:00,Sun,,Car,7.532232,46.612237
041cb7a2-1328-4e20-9ad0-4f3eeaa7e917,2023-05-07T12:14:24+02:00,Sun,,Car,7.532324,46.612263
041cb7a2-1328-4e20-9ad0-4f3eeaa7e917,2023-05-07T12:14:24+02:00,Sun,Parkplatz Wirihornbahnen,,7.532324,46.612263
041cb7a2-1328-4e20-9ad0-4f3eeaa7e917,2023-05-07T12:25:10+02:00,Sun,,Walk,7.532324,46.612263
041cb7a2-1328-4e20-9ad0-4f3eeaa7e917,2023-05-07T12:25:10+02:00,Sun,,Walk,7.531954,46.612173
041cb7a2-1328-4e20-9ad0-4f3eeaa7e917,2023-05-07T12:25:26+02:00,Sun,,Walk,7.531808,46.612176
041cb7a2-1328-4e20-9ad0-4f3eeaa7e917,2023-05-07T12:25:42+02:00,Sun,,Walk,7.531724,46.612168
041cb7a2-1328-4e20-9ad0-4f3eeaa7e917,2023-05-07T12:25:58+02:00,Sun,,Walk,7.531742,46.612082
041cb7a2-1328-4e20-9ad0-4f3eeaa7e917,2023-05-07T12:26:13+02:00,Sun,,Walk,7.531845,46.611834
041cb7a2-1328-4e20-9ad0-4f3eeaa7e917,2023-05-07T12:26:21+02:00,Sun,,Walk,7.531943,46.611501
041cb7a2-1328-4e20-9ad0-4f3eeaa7e917,2023-05-07T12:26:29+02:00,Sun,,Bike,7.531943,46.611501
041cb7a2-1328-4e20-9ad0-4f3eeaa7e917,2023-05-07T12:26:45+02:00,Sun,,Bike,7.532030,46.611210
041cb7a2-1328-4e20-9ad0-4f3eeaa7e917,2023-05-07T12:27:01+02:00,Sun,,Bike,7.532148,46.610819
041cb7a2-1328-4e20-9ad0-4f3eeaa7e917,2023-05-07T12:27:17+02:00,Sun,,Bike,7.532248,46.610482
041cb7a2-1328-4e20-9ad0-4f3eeaa7e917,2023-05-07T12:27:32+02:00,Sun,,Bike,7.532348,46.610173
041cb7a2-1328-4e20-9ad0-4f3eeaa7e917,2023-05-07T12:27:48+02:00,Sun,,Bike,7.532456,46.609822
041cb7a2-1328-4e20-9ad0-4f3eeaa7e917,2023-05-07T12:28:04+02:00,Sun,,Bike,7.532566,46.609471
041cb7a2-1328-4e20-9ad0-4f3eeaa7e917,2023-05-07T12:28:19+02:00,Sun,,Bike,7.532691,46.609141
041cb7a2-1328-4e20-9ad0-4f3eeaa7e917,2023-05-07T12:28:35+02:00,Sun,,Bike,7.532784,46.608794
041cb7a2-1328-4e20-9ad0-4f3eeaa7e917,2023-05-07T12:28:50+02:00,Sun,,Bike,7.532885,46.608468
041cb7a2-1328-4e20-9ad0-4f3eeaa7e917,2023-05-07T12:29:06+02:00,Sun,,Bike,7.532953,46.608133
041cb7a2-1328-4e20-9ad0-4f3eeaa7e917,2023-05-07T12:29:21+02:00,Sun,,Bike,7.533068,46.607810
041cb7a2-1328-4e20-9ad0-4f3eeaa7e917,2023-05-07T12:29:36+02:00,Sun,,Bike,7.533171,46.607493
041cb7a2-1328-4e20-9ad0-4f3eeaa7e917,2023-05-07T12:29:52+02:00,Sun,,Bike,7.533279,46.607161
041cb7a2-1328-4e20-9ad0-4f3eeaa7e917,2023-05-07T12:30:08+02:00,Sun,,Bike,7.533380,46.606825
041cb7a2-1328-4e20-9ad0-4f3eeaa7e917,2023-05-07T12:30:24+02:00,Sun,,Bike,7.533484,46.606487
041cb7a2-1328-4e20-9ad0-4f3eeaa7e917,2023-05-07T12:30:40+02:00,Sun,,Bike,7.533588,46.606148
041cb7a2-1328-4e20-9ad0-4f3eeaa7e917,2023-05-07T12:30:56+02:00,Sun,,Bike,7.533707,46.605807
041cb7a2-1328-4e20-9ad0-4f3eeaa7e917,2023-05-07T12:31:11+02:00,Sun,,Bike,7.533806,46.605494
041cb7a2-1328-4e20-9ad0-4f3eeaa7e917,2023-05-07T12:31:26+02:00,Sun,,Bike,7.533890,46.605193
041cb7a2-1328-4e20-9ad0-4f3eeaa7e917,2023-05-07T12:31:42+02:00,Sun,,Bike,7.533972,46.604890
041cb7a2-1328-4e20-9ad0-4f3eeaa7e917,2023-05-07T12:31:58+02:00,Sun,,Bike,7.534083,46.604541
041cb7a2-1328-4e20-9ad0-4f3eeaa7e917,2023-05-07T12:32:14+02:00,Sun,,Bike,7.534170,46.604215
041cb7a2-1328-4e20-9ad0-4f3eeaa7e917,2023-05-07T12:32:30+02:00,Sun,,Bike,7.534249,46.603904
041cb7a2-1328-4e20-9ad0-4f3eeaa7e917,2023-05-07T12:32:46+02:00,Sun,,Bike,7.534362,46.603566
041cb7a2-1328-4e20-9ad0-4f3eeaa7e917,2023-05-07T12:33:02+02:00,Sun,,Bike,7.534462,46.603233
041cb7a2-1328-4e20-9ad0-4f3eeaa7e917,2023-05-07T12:33:17+02:00,Sun,,Bike,7.534586,46.602938
041cb7a2-1328-4e20-9ad0-4f3eeaa7e917,2023-05-07T12:33:32+02:00,Sun,,Bike,7.534684,46.602603
041cb7a2-1328-4e20-9ad0-4f3eeaa7e917,2023-05-07T12:33:48+02:00,Sun,,Bike,7.534785,46.602278
041cb7a2-1328-4e20-9ad0-4f3eeaa7e917,2023-05-07T12:34:04+02:00,Sun,,Bike,7.534884,46.601957
041cb7a2-1328-4e20-9ad0-4f3eeaa7e917,2023-05-07T12:34:20+02:00,Sun,,Bike,7.534985,46.601633
041cb7a2-1328-4e20-9ad0-4f3eeaa7e917,2023-05-07T12:34:36+02:00,Sun,,Bike,7.535068,46.601319
041cb7a2-1328-4e20-9ad0-4f3eeaa7e917,2023-05-07T12:34:52+02:00,Sun,,Bike,7.535168,46.600980
041cb7a2-1328-4e20-9ad0-4f3eeaa7e917,2023-05-07T12:35:08+02:00,Sun,,Bike,7.535275,46.600643
041cb7a2-1328-4e20-9ad0-4f3eeaa7e917,2023-05-07T12:35:24+02:00,Sun,,Bike,7.535376,46.600302
041cb7a2-1328-4e20-9ad0-4f3eeaa7e917,2023-05-07T12:35:40+02:00,Sun,,Bike,7.535427,46.600108
041cb7a2-1328-4e20-9ad0-4f3eeaa7e917,2023-05-07T12:35:55+02:00,Sun,,Bike,7.535473,46.600063
041cb7a2-1328-4e20-9ad0-4f3eeaa7e917,2023-05-07T12:36:10+02:00,Sun,,Bike,7.535619,46.600060
041cb7a2-1328-4e20-9ad0-4f3eeaa7e917,2023-05-07T12:36:26+02:00,Sun,,Bike,7.535972,46.600102
041cb7a2-1328-4e20-9ad0-4f3eeaa7e917,2023-05-07T12:36:41+02:00,Sun,,Bike,7.536851,46.600200
041cb7a2-1328-4e20-9ad0-4f3eeaa7e917,2023-05-07T12:36:57+02:00,Sun,,Bike,7.538070,46.600852
041cb7a2-1328-4e20-9ad0-4f3eeaa7e917,2023-05-07T12:37:13+02:00,Sun,,Bike,7.539111,46.601564
041cb7a2-1328-4e20-9ad0-4f3eeaa7e917,2023-05-07T12:37:28+02:00,Sun,,Bike,7.538894,46.602069
041cb7a2-1328-4e20-9ad0-4f3eeaa7e917,2023-05-07T12:37:44+02:00,Sun,,Bike,7.538256,46.602522
041cb7a2-1328-4e20-9ad0-4f3eeaa7e917,2023-05-07T12:37:59+02:00,Sun,,Bike,7.537662,46.602937
041cb7a2-1328-4e20-9ad0-4f3eeaa7e917,2023-05-07T12:38:15+02:00,Sun,,Bike,7.538087,46.603560
041cb7a2-1328-4e20-9ad0-4f3eeaa7e917,2023-05-07T12:38:31+02:00,Sun,,Bike,7.537319,46.603786
041cb7a2-1328-4e20-9ad0-4f3eeaa7e917,2023-05-07T12:38:47+02:00,Sun,,Bike,7.537083,46.604120
041cb7a2-1328-4e20-9ad0-4f3eeaa7e917,2023-05-07T12:39:02+02:00,Sun,,Bike,7.537058,46.604217
041cb7a2-1328-4e20-9ad0-4f3eeaa7e917,2023-05-07T12:39:18+02:00,Sun,,Bike,7.537058,46.604217
041cb7a2-1328-4e20-9ad0-4f3eeaa7e917,2023-05-07T12:39:33+02:00,Sun,,Bike,7.536906,46.604413
041cb7a2-1328-4e20-9ad0-4f3eeaa7e917,2023-05-07T12:39:49+02:00,Sun,,Bike,7.536313,46.604780
041cb7a2-1328-4e20-9ad0-4f3eeaa7e917,2023-05-07T12:40:04+02:00,Sun,,Bike,7.535451,46.604533
041cb7a2-1328-4e20-9ad0-4f3eeaa7e917,2023-05-07T12:40:19+02:00,Sun,,Bike,7.534803,46.604967
041cb7a2-1328-4e20-9ad0-4f3eeaa7e917,2023-05-07T12:40:35+02:00,Sun,,Bike,7.533964,46.604975
041cb7a2-1328-4e20-9ad0-4f3eeaa7e917,2023-05-07T12:40:51+02:00,Sun,,Bike,7.533903,46.604958
041cb7a2-1328-4e20-9ad0-4f3eeaa7e917,2023-05-07T12:41:07+02:00,Sun,,Bike,7.533695,46.605350
041cb7a2-1328-4e20-9ad0-4f3eeaa7e917,2023-05-07T12:41:22+02:00,Sun,,Bike,7.533411,46.605707
041cb7a2-1328-4e20-9ad0-4f3eeaa7e917,2023-05-07T12:41:38+02:00,Sun,,Bike,7.533193,46.606324
041cb7a2-1328-4e20-9ad0-4f3eeaa7e917,2023-05-07T12:41:54+02:00,Sun,,Bike,7.532958,46.606720
041cb7a2-1328-4e20-9ad0-4f3eeaa7e917,2023-05-07T12:42:10+02:00,Sun,,Bike,7.532728,46.607055
041cb7a2-1328-4e20-9ad0-4f3eeaa7e917,2023-05-07T12:42:26+02:00,Sun,,Bike,7.533259,46.608018
041cb7a2-1328-4e20-9ad0-4f3eeaa7e917,2023-05-07T12:42:42+02:00,Sun,,Bike,7.534236,46.608424
041cb7a2-1328-4e20-9ad0-4f3eeaa7e917,2023-05-07T12:42:57+02:00,Sun,,Bike,7.534886,46.608769
041cb7a2-1328-4e20-9ad0-4f3eeaa7e917,2023-05-07T12:43:12+02:00,Sun,,Bike,7.534422,46.609644
041cb7a2-1328-4e20-9ad0-4f3eeaa7e917,2023-05-07T12:43:28+02:00,Sun,,Bike,7.534322,46.610935
041cb7a2-1328-4e20-9ad0-4f3eeaa7e917,2023-05-07T12:43:44+02:00,Sun,,Bike,7.533820,46.611342
041cb7a2-1328-4e20-9ad0-4f3eeaa7e917,2023-05-07T12:43:59+02:00,Sun,,Bike,7.533606,46.611621
041cb7a2-1328-4e20-9ad0-4f3eeaa7e917,2023-05-07T12:44:15+02:00,Sun,,Bike,7.534057,46.612159
041cb7a2-1328-4e20-9ad0-4f3eeaa7e917,2023-05-07T12:44:30+02:00,Sun,,Bike,7.533567,46.612328
041cb7a2-1328-4e20-9ad0-4f3eeaa7e917,2023-05-07T12:44:46+02:00,Sun,,Bike,7.533119,46.612190
041cb7a2-1328-4e20-9ad0-4f3eeaa7e917,2023-05-07T12:45:02+02:00,Sun,,Bike,7.532752,46.612133
041cb7a2-1328-4e20-9ad0-4f3eeaa7e917,2023-05-07T12:45:17+02:00,Sun,,Bike,7.532431,46.612137
041cb7a2-1328-4e20-9ad0-4f3eeaa7e917,2023-05-07T12:45:33+02:00,Sun,,Bike,7.532085,46.612233
041cb7a2-1328-4e20-9ad0-4f3eeaa7e917,2023-05-07T12:45:33+02:00,Sun,,Bike,7.532087,46.612290
041cb7a2-1328-4e20-9ad0-4f3eeaa7e917,2023-05-07T12:45:33+02:00,Sun,Parkplatz Wirihornbahnen,,7.532087,46.612290
041cb7a2-1328-4e20-9ad0-4f3eeaa7e917,2023-05-07T12:48:38+02:00,Sun,,Car,7.532087,46.612290
041cb7a2-1328-4e20-9ad0-4f3eeaa7e917,2023-05-07T12:48:38+02:00,Sun,,Car,7.531776,46.612173
041cb7a2-1328-4e20-9ad0-4f3eeaa7e917,2023-05-07T12:48:54+02:00,Sun,,Car,7.531726,46.612177
041cb7a2-1328-4e20-9ad0-4f3eeaa7e917,2023-05-07T12:49:09+02:00,Sun,,Car,7.531726,46.611996
041cb7a2-1328-4e20-9ad0-4f3eeaa7e917,2023-05-07T12:49:25+02:00,Sun,,Car,7.531864,46.611675
041cb7a2-1328-4e20-9ad0-4f3eeaa7e917,2023-05-07T12:49:41+02:00,Sun,,Car,7.531978,46.611352
041cb7a2-1328-4e20-9ad0-4f3eeaa7e917,2023-05-07T12:49:57+02:00,Sun,,Car,7.532106,46.610992
041cb7a2-1328-4e20-9ad0-4f3eeaa7e917,2023-05-07T12:50:13+02:00,Sun,,Car,7.532219,46.610648
041cb7a2-1328-4e20-9ad0-4f3eeaa7e917,2023-05-07T12:50:29+02:00,Sun,,Car,7.532306,46.610325
041cb7a2-1328-4e20-9ad0-4f3eeaa7e917,2023-05-07T12:50:44+02:00,Sun,,Car,7.532395,46.610002
041cb7a2-1328-4e20-9ad0-4f3eeaa7e917,2023-05-07T12:50:59+02:00,Sun,,Car,7.532498,46.609679
041cb7a2-1328-4e20-9ad0-4f3eeaa7e917,2023-05-07T12:51:15+02:00,Sun,,Car,7.532623,46.609320
041cb7a2-1328-4e20-9ad0-4f3eeaa7e917,2023-05-07T12:51:31+02:00,Sun,,Car,7.532706,46.608982
041cb7a2-1328-4e20-9ad0-4f3eeaa7e917,2023-05-07T12:51:47+02:00,Sun,,Car,7.532828,46.608626
041cb7a2-1328-4e20-9ad0-4f3eeaa7e917,2023-05-07T12:52:03+02:00,Sun,,Car,7.532926,46.608279
041cb7a2-1328-4e20-9ad0-4f3eeaa7e917,2023-05-07T12:52:19+02:00,Sun,,Car,7.533028,46.607942
041cb7a2-1328-4e20-9ad0-4f3eeaa7e917,2023-05-07T12:52:35+02:00,Sun,,Car,7.533123,46.607612
041cb7a2-1328-4e20-9ad0-4f3eeaa7e917,2023-05-07T12:52:51+02:00,Sun,,Car,7.533241,46.607281
041cb7a2-1328-4e20-9ad0-4f3eeaa7e917,2023-05-07T12:53:07+02:00,Sun,,Car,7.533350,46.606941
041cb7a2-1328-4e20-9ad0-4f3eeaa7e917,2023-05-07T12:53:23+02:00,Sun,,Car,7.533464,46.606637
041cb7a2-1328-4e20-9ad0-4f3eeaa7e917,2023-05-07T12:53:39+02:00,Sun,,Car,7.533464,46.606637
041cb7a2-1328-4e20-9ad0-4f3eeaa7e917,2023-05-07T12:53:55+02:00,Sun,,Car,7.533654,46.605932
041cb7a2-1328-4e20-9ad0-4f3eeaa7e917,2023-05-07T12:54:11+02:00,Sun,,Car,7.533767,46.605591
041cb7a2-1328-4e20-9ad0-4f3eeaa7e917,2023-05-07T12:54:27+02:00,Sun,,Car,7.533832,46.605338
041cb7a2-1328-4e20-9ad0-4f3eeaa7e917,2023-05-07T12:54:43+02:00,Sun,,Car,7.533963,46.604962
041cb7a2-1328-4e20-9ad0-4f3eeaa7e917,2023-05-07T12:54:59+02:00,Sun,,Car,7.534038,46.604615
041cb7a2-1328-4e20-9ad0-4f3eeaa7e917,2023-05-07T12:55:15+02:00,Sun,,Car,7.534170,46.604278
041cb7a2-1328-4e20-9ad0-4f3eeaa7e917,2023-05-07T12:55:30+02:00,Sun,,Car,7.534244,46.603977
041cb7a2-1328-4e20-9ad0-4f3eeaa7e917,2023-05-07T12:55:45+02:00,Sun,,Car,7.534380,46.603642
041cb7a2-1328-4e20-9ad0-4f3eeaa7e917,2023-05-07T12:56:01+02:00,Sun,,Car,7.534475,46.603298
041cb7a2-1328-4e20-9ad0-4f3eeaa7e917,2023-05-07T12:56:17+02:00,Sun,,Car,7.534588,46.602951
041cb7a2-1328-4e20-9ad0-4f3eeaa7e917,2023-05-07T12:56:33+02:00,Sun,,Car,7.534664,46.602691
041cb7a2-1328-4e20-9ad0-4f3eeaa7e917,2023-05-07T12:56:48+02:00,Sun,,Car,7.534766,46.602360
041cb7a2-1328-4e20-9ad0-4f3eeaa7e917,2023-05-07T12:57:03+02:00,Sun,,Car,7.534861,46.602054
041cb7a2-1328-4e20-9ad0-4f3eeaa7e917,2023-05-07T12:57:19+02:00,Sun,,Car,7.534956,46.601724
041cb7a2-1328-4e20-9ad0-4f3eeaa7e917,2023-05-07T12:57:35+02:00,Sun,,Car,7.535062,46.601400
041cb7a2-1328-4e20-9ad0-4f3eeaa7e917,2023-05-07T12:57:50+02:00,Sun,,Car,7.535144,46.601083
041cb7a2-1328-4e20-9ad0-4f3eeaa7e917,2023-05-07T12:58:06+02:00,Sun,,Car,7.535242,46.600745
041cb7a2-1328-4e20-9ad0-4f3eeaa7e917,2023-05-07T12:58:22+02:00,Sun,,Car,7.535338,46.600411
041cb7a2-1328-4e20-9ad0-4f3eeaa7e917,2023-05-07T12:58:37+02:00,Sun,,Car,7.535399,46.600134
041cb7a2-1328-4e20-9ad0-4f3eeaa7e917,2023-05-07T12:58:53+02:00,Sun,,Car,7.535439,46.600058
041cb7a2-1328-4e20-9ad0-4f3eeaa7e917,2023-05-07T12:59:08+02:00,Sun,,Car,7.535788,46.600097
041cb7a2-1328-4e20-9ad0-4f3eeaa7e917,2023-05-07T12:59:23+02:00,Sun,,Car,7.536269,46.600093
041cb7a2-1328-4e20-9ad0-4f3eeaa7e917,2023-05-07T12:59:39+02:00,Sun,,Car,7.536845,46.600189
041cb7a2-1328-4e20-9ad0-4f3eeaa7e917,2023-05-07T12:59:55+02:00,Sun,,Car,7.538069,46.600816
041cb7a2-1328-4e20-9ad0-4f3eeaa7e917,2023-05-07T13:00:10+02:00,Sun,,Car,7.539075,46.601519
041cb7a2-1328-4e20-9ad0-4f3eeaa7e917,2023-05-07T13:00:25+02:00,Sun,,Car,7.539497,46.602001
041cb7a2-1328-4e20-9ad0-4f3eeaa7e917,2023-05-07T13:00:41+02:00,Sun,,Car,7.539139,46.601973
041cb7a2-1328-4e20-9ad0-4f3eeaa7e917,2023-05-07T13:00:57+02:00,Sun,,Car,7.538378,46.602666
041cb7a2-1328-4e20-9ad0-4f3eeaa7e917,2023-05-07T13:01:13+02:00,Sun,,Car,7.537765,46.603051
041cb7a2-1328-4e20-9ad0-4f3eeaa7e917,2023-05-07T13:01:28+02:00,Sun,,Car,7.537894,46.603499
041cb7a2-1328-4e20-9ad0-4f3eeaa7e917,2023-05-07T13:01:44+02:00,Sun,,Car,7.537542,46.603823
041cb7a2-1328-4e20-9ad0-4f3eeaa7e917,2023-05-07T13:02:00+02:00,Sun,,Car,7.537216,46.604155
041cb7a2-1328-4e20-9ad0-4f3eeaa7e917,2023-05-07T13:02:16+02:00,Sun,,Car,7.537087,46.604212
041cb7a2-1328-4e20-9ad0-4f3eeaa7e917,2023-05-07T13:02:31+02:00,Sun,,Car,7.537081,46.604217
041cb7a2-1328-4e20-9ad0-4f3eeaa7e917,2023-05-07T13:02:46+02:00,Sun,,Car,7.536620,46.604596
041cb7a2-1328-4e20-9ad0-4f3eeaa7e917,2023-05-07T13:03:01+02:00,Sun,,Car,7.535955,46.604855
041cb7a2-1328-4e20-9ad0-4f3eeaa7e917,2023-05-07T13:03:17+02:00,Sun,,Car,7.534772,46.604709
041cb7a2-1328-4e20-9ad0-4f3eeaa7e917,2023-05-07T13:03:33+02:00,Sun,,Car,7.533995,46.604963
041cb7a2-1328-4e20-9ad0-4f3eeaa7e917,2023-05-07T13:03:49+02:00,Sun,,Car,7.533977,46.604969
041cb7a2-1328-4e20-9ad0-4f3eeaa7e917,2023-05-07T13:04:05+02:00,Sun,,Car,7.533730,46.605178
041cb7a2-1328-4e20-9ad0-4f3eeaa7e917,2023-05-07T13:04:21+02:00,Sun,,Car,7.533385,46.605531
041cb7a2-1328-4e20-9ad0-4f3eeaa7e917,2023-05-07T13:04:37+02:00,Sun,,Car,7.533177,46.606183
041cb7a2-1328-4e20-9ad0-4f3eeaa7e917,2023-05-07T13:04:53+02:00,Sun,,Car,7.532984,46.606612
041cb7a2-1328-4e20-9ad0-4f3eeaa7e917,2023-05-07T13:05:09+02:00,Sun,,Car,7.532736,46.606851
041cb7a2-1328-4e20-9ad0-4f3eeaa7e917,2023-05-07T13:05:24+02:00,Sun,,Car,7.533017,46.607891
041cb7a2-1328-4e20-9ad0-4f3eeaa7e917,2023-05-07T13:05:40+02:00,Sun,,Car,7.534219,46.608421
041cb7a2-1328-4e20-9ad0-4f3eeaa7e917,2023-05-07T13:05:55+02:00,Sun,,Car,7.534648,46.608622
041cb7a2-1328-4e20-9ad0-4f3eeaa7e917,2023-05-07T13:06:11+02:00,Sun,,Car,7.534670,46.609393
041cb7a2-1328-4e20-9ad0-4f3eeaa7e917,2023-05-07T13:06:26+02:00,Sun,,Car,7.534127,46.610698
041cb7a2-1328-4e20-9ad0-4f3eeaa7e917,2023-05-07T13:06:41+02:00,Sun,,Car,7.533769,46.611298
041cb7a2-1328-4e20-9ad0-4f3eeaa7e917,2023-05-07T13:06:57+02:00,Sun,,Car,7.533836,46.611665
041cb7a2-1328-4e20-9ad0-4f3eeaa7e917,2023-05-07T13:07:13+02:00,Sun,,Car,7.533960,46.612176
041cb7a2-1328-4e20-9ad0-4f3eeaa7e917,2023-05-07T13:07:28+02:00,Sun,,Car,7.533562,46.612351
041cb7a2-1328-4e20-9ad0-4f3eeaa7e917,2023-05-07T13:07:44+02:00,Sun,,Car,7.533089,46.612260
041cb7a2-1328-4e20-9ad0-4f3eeaa7e917,2023-05-07T13:07:59+02:00,Sun,,Car,7.532665,46.612261
041cb7a2-1328-4e20-9ad0-4f3eeaa7e917,2023-05-07T13:08:15+02:00,Sun,,Car,7.532211,46.612271
041cb7a2-1328-4e20-9ad0-4f3eeaa7e917,2023-05-07T13:08:31+02:00,Sun,,Car,7.532228,46.612254
041cb7a2-1328-4e20-9ad0-4f3eeaa7e917,2023-05-07T13:08:47+02:00,Sun,,Car,7.532191,46.612310
041cb7a2-1328-4e20-9ad0-4f3eeaa7e917,2023-05-07T13:09:02+02:00,Sun,,Car,7.532179,46.612307
041cb7a2-1328-4e20-9ad0-4f3eeaa7e917,2023-05-07T13:09:18+02:00,Sun,,Car,7.532186,46.612254
041cb7a2-1328-4e20-9ad0-4f3eeaa7e917,2023-05-07T13:09:33+02:00,Sun,,Car,7.532417,46.612235
041cb7a2-1328-4e20-9ad0-4f3eeaa7e917,2023-05-07T13:09:49+02:00,Sun,,Car,7.532351,46.612202
041cb7a2-1328-4e20-9ad0-4f3eeaa7e917,2023-05-07T13:10:05+02:00,Sun,,Car,7.532122,46.612216
041cb7a2-1328-4e20-9ad0-4f3eeaa7e917,2023-05-07T13:10:21+02:00,Sun,,Car,7.531899,46.612192
041cb7a2-1328-4e20-9ad0-4f3eeaa7e917,2023-05-07T13:10:37+02:00,Sun,,Car,7.531876,46.612157
041cb7a2-1328-4e20-9ad0-4f3eeaa7e917,2023-05-07T13:10:53+02:00,Sun,,Car,7.531774,46.612163
041cb7a2-1328-4e20-9ad0-4f3eeaa7e917,2023-05-07T13:11:09+02:00,Sun,,Car,7.531723,46.612129
041cb7a2-1328-4e20-9ad0-4f3eeaa7e917,2023-05-07T13:11:24+02:00,Sun,,Car,7.531772,46.611990
041cb7a2-1328-4e20-9ad0-4f3eeaa7e917,2023-05-07T13:11:40+02:00,Sun,,Car,7.531906,46.611654
041cb7a2-1328-4e20-9ad0-4f3eeaa7e917,2023-05-07T13:11:56+02:00,Sun,,Car,7.532019,46.611324
041cb7a2-1328-4e20-9ad0-4f3eeaa7e917,2023-05-07T13:12:11+02:00,Sun,,Car,7.532141,46.610988
041cb7a2-1328-4e20-9ad0-4f3eeaa7e917,2023-05-07T13:12:27+02:00,Sun,,Car,7.532248,46.610641
041cb7a2-1328-4e20-9ad0-4f3eeaa7e917,2023-05-07T13:12:42+02:00,Sun,,Car,7.532340,46.610323
041cb7a2-1328-4e20-9ad0-4f3eeaa7e917,2023-05-07T13:12:58+02:00,Sun,,Car,7.532429,46.609993
041cb7a2-1328-4e20-9ad0-4f3eeaa7e917,2023-05-07T13:13:14+02:00,Sun,,Car,7.532525,46.609649
041cb7a2-1328-4e20-9ad0-4f3eeaa7e917,2023-05-07T13:13:30+02:00,Sun,,Car,7.532635,46.609295
041cb7a2-1328-4e20-9ad0-4f3eeaa7e917,2023-05-07T13:13:45+02:00,Sun,,Car,7.532737,46.608965
041cb7a2-1328-4e20-9ad0-4f3eeaa7e917,2023-05-07T13:14:01+02:00,Sun,,Car,7.532828,46.608616
041cb7a2-1328-4e20-9ad0-4f3eeaa7e917,2023-05-07T13:14:17+02:00,Sun,,Car,7.532940,46.608270
041cb7a2-1328-4e20-9ad0-4f3eeaa7e917,2023-05-07T13:14:33+02:00,Sun,,Car,7.533048,46.607930
041cb7a2-1328-4e20-9ad0-4f3eeaa7e917,2023-05-07T13:14:48+02:00,Sun,,Car,7.533152,46.607616
041cb7a2-1328-4e20-9ad0-4f3eeaa7e917,2023-05-07T13:15:04+02:00,Sun,,Car,7.533246,46.607287
041cb7a2-1328-4e20-9ad0-4f3eeaa7e917,2023-05-07T13:15:19+02:00,Sun,,Car,7.533342,46.606969
041cb7a2-1328-4e20-9ad0-4f3eeaa7e917,2023-05-07T13:15:35+02:00,Sun,,Car,7.533451,46.606639
041cb7a2-1328-4e20-9ad0-4f3eeaa7e917,2023-05-07T13:15:51+02:00,Sun,,Car,7.533549,46.606286
041cb7a2-1328-4e20-9ad0-4f3eeaa7e917,2023-05-07T13:16:07+02:00,Sun,,Car,7.533640,46.605947
041cb7a2-1328-4e20-9ad0-4f3eeaa7e917,2023-05-07T13:16:23+02:00,Sun,,Car,7.533731,46.605616
041cb7a2-1328-4e20-9ad0-4f3eeaa7e917,2023-05-07T13:16:39+02:00,Sun,,Car,7.533843,46.605300
041cb7a2-1328-4e20-9ad0-4f3eeaa7e917,2023-05-07T13:16:55+02:00,Sun,,Car,7.533931,46.604966
041cb7a2-1328-4e20-9ad0-4f3eeaa7e917,2023-05-07T13:17:10+02:00,Sun,,Car,7.534036,46.604661
041cb7a2-1328-4e20-9ad0-4f3eeaa7e917,2023-05-07T13:17:26+02:00,Sun,,Car,7.534155,46.604337
041cb7a2-1328-4e20-9ad0-4f3eeaa7e917,2023-05-07T13:17:42+02:00,Sun,,Car,7.534262,46.604007
041cb7a2-1328-4e20-9ad0-4f3eeaa7e917,2023-05-07T13:17:58+02:00,Sun,,Car,7.534361,46.603670
041cb7a2-1328-4e20-9ad0-4f3eeaa7e917,2023-05-07T13:18:13+02:00,Sun,,Car,7.534456,46.603363
041cb7a2-1328-4e20-9ad0-4f3eeaa7e917,2023-05-07T13:18:28+02:00,Sun,,Car,7.534560,46.603048
041cb7a2-1328-4e20-9ad0-4f3eeaa7e917,2023-05-07T13:18:43+02:00,Sun,,Car,7.534669,46.602730
041cb7a2-1328-4e20-9ad0-4f3eeaa7e917,2023-05-07T13:18:59+02:00,Sun,,Car,7.534765,46.602416
041cb7a2-1328-4e20-9ad0-4f3eeaa7e917,2023-05-07T13:19:14+02:00,Sun,,Car,7.534860,46.602096
041cb7a2-1328-4e20-9ad0-4f3eeaa7e917,2023-05-07T13:19:30+02:00,Sun,,Car,7.534910,46.601916
041cb7a2-1328-4e20-9ad0-4f3eeaa7e917,2023-05-07T13:19:45+02:00,Sun,,Car,7.534957,46.601774
041cb7a2-1328-4e20-9ad0-4f3eeaa7e917,2023-05-07T13:20:01+02:00,Sun,,Car,7.535038,46.601499
041cb7a2-1328-4e20-9ad0-4f3eeaa7e917,2023-05-07T13:20:17+02:00,Sun,,Car,7.535138,46.601164
041cb7a2-1328-4e20-9ad0-4f3eeaa7e917,2023-05-07T13:20:33+02:00,Sun,,Car,7.535247,46.600813
041cb7a2-1328-4e20-9ad0-4f3eeaa7e917,2023-05-07T13:20:49+02:00,Sun,,Car,7.535355,46.600468
041cb7a2-1328-4e20-9ad0-4f3eeaa7e917,2023-05-07T13:21:05+02:00,Sun,,Car,7.535424,46.600134
041cb7a2-1328-4e20-9ad0-4f3eeaa7e917,2023-05-07T13:21:21+02:00,Sun,,Car,7.535480,46.600068
041cb7a2-1328-4e20-9ad0-4f3eeaa7e917,2023-05-07T13:21:36+02:00,Sun,,Car,7.535796,46.600215
041cb7a2-1328-4e20-9ad0-4f3eeaa7e917,2023-05-07T13:21:51+02:00,Sun,,Car,7.535948,46.600194
041cb7a2-1328-4e20-9ad0-4f3eeaa7e917,2023-05-07T13:22:07+02:00,Sun,,Car,7.535939,46.600188
041cb7a2-1328-4e20-9ad0-4f3eeaa7e917,2023-05-07T13:22:22+02:00,Sun,,Car,7.535936,46.600173
041cb7a2-1328-4e20-9ad0-4f3eeaa7e917,2023-05-07T13:22:38+02:00,Sun,,Car,7.535946,46.600170
041cb7a2-1328-4e20-9ad0-4f3eeaa7e917,2023-05-07T13:22:53+02:00,Sun,,Car,7.535942,46.600155
041cb7a2-1328-4e20-9ad0-4f3eeaa7e917,2023-05-07T13:23:09+02:00,Sun,,Car,7.535955,46.600153
041cb7a2-1328-4e20-9ad0-4f3eeaa7e917,2023-05-07T13:23:25+02:00,Sun,,Car,7.535937,46.600173
041cb7a2-1328-4e20-9ad0-4f3eeaa7e917,2023-05-07T13:23:40+02:00,Sun,,Car,7.535939,46.600174
041cb7a2-1328-4e20-9ad0-4f3eeaa7e917,2023-05-07T13:23:55+02:00,Sun,,Car,7.535948,46.600143
041cb7a2-1328-4e20-9ad0-4f3eeaa7e917,2023-05-07T13:24:11+02:00,Sun,,Car,7.536208,46.600097
041cb7a2-1328-4e20-9ad0-4f3eeaa7e917,2023-05-07T13:24:26+02:00,Sun,,Car,7.536595,46.600146
041cb7a2-1328-4e20-9ad0-4f3eeaa7e917,2023-05-07T13:24:42+02:00,Sun,,Car,7.537744,46.600594
041cb7a2-1328-4e20-9ad0-4f3eeaa7e917,2023-05-07T13:24:58+02:00,Sun,,Car,7.538817,46.601322
041cb7a2-1328-4e20-9ad0-4f3eeaa7e917,2023-05-07T13:25:14+02:00,Sun,,Car,7.539226,46.601972
041cb7a2-1328-4e20-9ad0-4f3eeaa7e917,2023-05-07T13:25:30+02:00,Sun,,Car,7.538494,46.602686
041cb7a2-1328-4e20-9ad0-4f3eeaa7e917,2023-05-07T13:25:46+02:00,Sun,,Car,7.537898,46.603029
041cb7a2-1328-4e20-9ad0-4f3eeaa7e917,2023-05-07T13:26:02+02:00,Sun,,Car,7.537883,46.603449
041cb7a2-1328-4e20-9ad0-4f3eeaa7e917,2023-05-07T13:26:18+02:00,Sun,,Car,7.537642,46.603792
041cb7a2-1328-4e20-9ad0-4f3eeaa7e917,2023-05-07T13:26:34+02:00,Sun,,Car,7.537272,46.604153
041cb7a2-1328-4e20-9ad0-4f3eeaa7e917,2023-05-07T13:26:50+02:00,Sun,,Car,7.537110,46.604241
041cb7a2-1328-4e20-9ad0-4f3eeaa7e917,2023-05-07T13:27:06+02:00,Sun,,Car,7.536736,46.604369
041cb7a2-1328-4e20-9ad0-4f3eeaa7e917,2023-05-07T13:27:22+02:00,Sun,,Car,7.536199,46.604722
041cb7a2-1328-4e20-9ad0-4f3eeaa7e917,2023-05-07T13:27:38+02:00,Sun,,Car,7.535204,46.604529
041cb7a2-1328-4e20-9ad0-4f3eeaa7e917,2023-05-07T13:27:53+02:00,Sun,,Car,7.534505,46.605004
041cb7a2-1328-4e20-9ad0-4f3eeaa7e917,2023-05-07T13:28:09+02:00,Sun,,Car,7.533935,46.604953
041cb7a2-1328-4e20-9ad0-4f3eeaa7e917,2023-05-07T13:28:25+02:00,Sun,,Car,7.533771,46.605118
041cb7a2-1328-4e20-9ad0-4f3eeaa7e917,2023-05-07T13:28:41+02:00,Sun,,Car,7.533573,46.605503
041cb7a2-1328-4e20-9ad0-4f3eeaa7e917,2023-05-07T13:28:56+02:00,Sun,,Car,7.533211,46.605916
041cb7a2-1328-4e20-9ad0-4f3eeaa7e917,2023-05-07T13:29:12+02:00,Sun,,Car,7.533051,46.606539
041cb7a2-1328-4e20-9ad0-4f3eeaa7e917,2023-05-07T13:29:28+02:00,Sun,,Car,7.532679,46.606642
041cb7a2-1328-4e20-9ad0-4f3eeaa7e917,2023-05-07T13:29:43+02:00,Sun,,Car,7.532709,46.607704
041cb7a2-1328-4e20-9ad0-4f3eeaa7e917,2023-05-07T13:29:59+02:00,Sun,,Car,7.533385,46.608060
041cb7a2-1328-4e20-9ad0-4f3eeaa7e917,2023-05-07T13:30:14+02:00,Sun,,Car,7.534038,46.608353
041cb7a2-1328-4e20-9ad0-4f3eeaa7e917,2023-05-07T13:30:30+02:00,Sun,,Car,7.534676,46.608676
041cb7a2-1328-4e20-9ad0-4f3eeaa7e917,2023-05-07T13:30:46+02:00,Sun,,Car,7.534919,46.608961
041cb7a2-1328-4e20-9ad0-4f3eeaa7e917,2023-05-07T13:31:02+02:00,Sun,,Car,7.534331,46.610230
041cb7a2-1328-4e20-9ad0-4f3eeaa7e917,2023-05-07T13:31:18+02:00,Sun,,Car,7.534141,46.611196
041cb7a2-1328-4e20-9ad0-4f3eeaa7e917,2023-05-07T13:31:34+02:00,Sun,,Car,7.533577,46.611450
041cb7a2-1328-4e20-9ad0-4f3eeaa7e917,2023-05-07T13:31:50+02:00,Sun,,Car,7.533791,46.611850
041cb7a2-1328-4e20-9ad0-4f3eeaa7e917,2023-05-07T13:32:06+02:00,Sun,,Car,7.533795,46.612414
041cb7a2-1328-4e20-9ad0-4f3eeaa7e917,2023-05-07T13:32:21+02:00,Sun,,Car,7.533207,46.612270
041cb7a2-1328-4e20-9ad0-4f3eeaa7e917,2023-05-07T13:32:36+02:00,Sun,,Car,7.532666,46.612242
041cb7a2-1328-4e20-9ad0-4f3eeaa7e917,2023-05-07T13:32:52+02:00,Sun,,Car,7.532105,46.612272
041cb7a2-1328-4e20-9ad0-4f3eeaa7e917,2023-05-07T13:32:52+02:00,Sun,,Car,7.532087,46.612290
041cb7a2-1328-4e20-9ad0-4f3eeaa7e917,2023-05-07T13:32:52+02:00,Sun,Parkplatz Wirihornbahnen,,7.532087,46.612290
